-- phpMyAdmin SQL Dump
-- version 4.7.4
-- https://www.phpmyadmin.net/
--
-- Host: 127.0.0.1
-- Generation Time: 16 Mar 2018 pada 10.46
-- Versi Server: 10.1.30-MariaDB
-- PHP Version: 7.2.1

SET SQL_MODE = "NO_AUTO_VALUE_ON_ZERO";
SET AUTOCOMMIT = 0;
START TRANSACTION;
SET time_zone = "+00:00";


/*!40101 SET @OLD_CHARACTER_SET_CLIENT=@@CHARACTER_SET_CLIENT */;
/*!40101 SET @OLD_CHARACTER_SET_RESULTS=@@CHARACTER_SET_RESULTS */;
/*!40101 SET @OLD_COLLATION_CONNECTION=@@COLLATION_CONNECTION */;
/*!40101 SET NAMES utf8mb4 */;

--
-- Database: `ilugroup`
--

-- --------------------------------------------------------

--
-- Struktur dari tabel `agama`
--

CREATE TABLE `agama` (
  `agama_id` int(11) NOT NULL,
  `agama_nama` varchar(100) NOT NULL,
  `agama_created` datetime NOT NULL
) ENGINE=InnoDB DEFAULT CHARSET=latin1;

--
-- Dumping data untuk tabel `agama`
--

INSERT INTO `agama` (`agama_id`, `agama_nama`, `agama_created`) VALUES
(2, 'Islam', '2018-03-08 08:03:54'),
(4, 'Hindu', '2018-03-08 08:06:56'),
(5, 'Budha', '2018-03-08 08:07:02'),
(6, 'Kristen (Katolik)', '2018-03-08 08:23:13'),
(7, 'Kristen (Protestan)', '2018-03-08 08:23:23');

-- --------------------------------------------------------

--
-- Struktur dari tabel `berita`
--

CREATE TABLE `berita` (
  `be_id` int(11) NOT NULL,
  `be_user_id` int(11) NOT NULL,
  `be_title` varchar(100) NOT NULL,
  `be_draft` text NOT NULL,
  `be_time_create` datetime NOT NULL,
  `be_time_update` datetime NOT NULL
) ENGINE=InnoDB DEFAULT CHARSET=latin1;

--
-- Dumping data untuk tabel `berita`
--

INSERT INTO `berita` (`be_id`, `be_user_id`, `be_title`, `be_draft`, `be_time_create`, `be_time_update`) VALUES
(1, 50, 'lorem ipsum', 'Lorem ipsum dolor sit amet, consectetur adipiscing elit. Integer purus purus, sagittis eget nulla nec, malesuada vehicula erat. Vestibulum a tincidunt ex.', '2018-02-14 00:00:00', '2018-02-15 00:00:00'),
(2, 50, 'Where does it come from?', 'Contrary to popular belief, Lorem Ipsum is not simply random text. It has roots in a piece of classical Latin literature from 45 BC, making it over 2000 years old.', '2018-02-21 00:00:00', '2018-02-23 00:00:00'),
(5, 51, 'Where can I get some?', '<u>There are many</u><b> variations of passages of Lorem Ipsum available, but the majority have suffered alteration in <i>some form, by injected humour,</i></b>', '2018-02-01 03:01:48', '2018-02-01 04:03:02'),
(6, 51, 'The standard Lorem Ipsum passage\r\n', 'Lorem ipsum dolor sit amet, consectetur adipiscing elit, sed do eiusmod tempor incididunt ut labore et dolore magna aliqua. Ut enim ad minim veniam, quis nostrud exercitation ullamco laboris nisi ut aliquip ex ea commodo consequat. Duis aute irure dolor in reprehenderit in voluptate velit esse cillum dolore eu fugiat nulla pariatur. Excepteur sint occaecat cupidatat non proident, sunt in culpa qui officia deserunt mollit anim id est laborum.', '2018-02-21 00:00:00', '2018-02-21 00:00:00'),
(7, 51, '1914 translation by H. Rackham', 'But I must explain to you how all this mistaken idea of denouncing pleasure and praising pain was born and I will give you a complete account of the system, and expound the actual teachings of the great explorer of the truth, the master-builder of human happiness. No one rejects, dislikes, or avoids pleasure itself, because it is pleasure, but because those who do not know how to pursue pleasure rationally encounter consequences that are extremely painful. ', '2018-02-22 00:00:00', '2018-02-22 00:00:00'),
(8, 51, '1914 translation by H. Rackham', 'On the other hand, we denounce with righteous indignation and dislike men who are so beguiled and demoralized by the charms of pleasure of the moment, so blinded by desire, that they cannot foresee the pain and trouble that are bound to ensue; and equal blame belongs to those who fail in their duty through weakness of will, which is the same as saying through shrinking from toil and pain. These cases are perfectly simple and easy to distinguish. ', '2018-02-23 00:00:00', '2018-02-24 00:00:00'),
(9, 51, 'Lorem ipsum dolor sit amet', 'Lorem ipsum dolor sit amet, consectetur adipiscing elit. Nam ex mi, molestie eget aliquet in, venenatis quis elit. Donec non feugiat dui. Donec volutpat ante in leo fermentum feugiat. Sed porta dapibus enim, ut euismod elit elementum a. Mauris suscipit ultrices ipsum scelerisque volutpat. Ut non turpis porta, dapibus mauris eget, varius sem. Pellentesque scelerisque posuere mi, vel pharetra erat blandit ut. Nullam nec nisl nisl. ', '2018-02-25 00:00:00', '2018-02-25 00:00:00');

-- --------------------------------------------------------

--
-- Struktur dari tabel `calon_pegawai`
--

CREATE TABLE `calon_pegawai` (
  `cp_id` int(11) NOT NULL,
  `cp_fullname` varchar(100) DEFAULT NULL,
  `cp_telp` varchar(20) DEFAULT NULL,
  `cp_alamat` text,
  `cp_gender` varchar(20) DEFAULT NULL,
  `cp_filecv` varchar(100) DEFAULT NULL,
  `cp_foto` varchar(50) DEFAULT NULL,
  `cp_skill` text,
  `cp_pengalaman` text,
  `status` varchar(10) DEFAULT NULL,
  `cp_penilaian` varchar(100) DEFAULT NULL,
  `cp_hasil` varchar(10) DEFAULT NULL,
  `cp_tgl_transfer` date DEFAULT NULL,
  `cp_transfer` varchar(20) NOT NULL
) ENGINE=InnoDB DEFAULT CHARSET=latin1;

--
-- Dumping data untuk tabel `calon_pegawai`
--

INSERT INTO `calon_pegawai` (`cp_id`, `cp_fullname`, `cp_telp`, `cp_alamat`, `cp_gender`, `cp_filecv`, `cp_foto`, `cp_skill`, `cp_pengalaman`, `status`, `cp_penilaian`, `cp_hasil`, `cp_tgl_transfer`, `cp_transfer`) VALUES
(2, 'abdullah', '089765940303', 'Jalan Toddopuli', 'Laki-Laki', 'accessibility.pdf', 'checkbox_blue.png', 'web developer', '1 tahun di  pt ini sbagai ini', 'pending', NULL, NULL, '0000-00-00', ''),
(5, 'japara', '0897-1453-976', 'cendrawasih', 'Fajar Pratama Putra', 'alarm.pdf', 'saturation.png', 'open source', '1 tahun di  pt ini sbagai ini', 'Setujui', 'psikologis,kompetensi', 'Accept', '0000-00-00', ''),
(8, 'tostos', '089765940303', 'Jalan Toddopuli', 'Laki-Laki', 'accessibility.pdf', 'checkbox_blue.png', 'web developer', '1 tahun di  pt ini sbagai ini', 'Setujui', 'attitude,experience,karakter', 'Accept', '2018-01-25', ''),
(9, 'Fajar Pratama Putra', '082192100124', 'Jalan Baji Ati 1, Lorong 1, No.15 Makassar', 'Laki-Laki', 'myCV.pdf', 'add_files.png', 'web developer', 'belum ada', 'Setujui', 'psikologis,kompetensi,attitude,karakter', 'Accept', '2018-01-25', 'dipindahkan'),
(10, 'arsyad', '0897-1453-976', 'Jalan Baji Ati 1, Lorong 1, No.15 Makassar', 'Laki-Laki', 'android.pdf', 'checkbox_dark.png', 'apa saja', 'apasaja', 'pending', 'kosong', 'kosong', NULL, '');

-- --------------------------------------------------------

--
-- Struktur dari tabel `data_absen`
--

CREATE TABLE `data_absen` (
  `data_id` int(11) NOT NULL,
  `data_user_id` int(11) NOT NULL,
  `data_uid_mesin` int(11) NOT NULL,
  `data_uid_mesin2` int(11) NOT NULL,
  `datetime` datetime NOT NULL
) ENGINE=InnoDB DEFAULT CHARSET=latin1;

--
-- Dumping data untuk tabel `data_absen`
--

INSERT INTO `data_absen` (`data_id`, `data_user_id`, `data_uid_mesin`, `data_uid_mesin2`, `datetime`) VALUES
(1, 50, 1, 1, '2018-02-14 06:09:21'),
(2, 51, 2, 2, '2018-02-14 06:09:21'),
(3, 52, 3, 3, '2018-02-14 08:32:13'),
(4, 53, 4, 4, '2018-02-14 06:09:21'),
(5, 54, 13, 13, '2018-03-16 08:26:58'),
(6, 56, 14, 14, '2018-03-16 08:29:49'),
(7, 55, 6, 6, '2018-03-16 08:33:22');

-- --------------------------------------------------------

--
-- Struktur dari tabel `data_mesinabsen`
--

CREATE TABLE `data_mesinabsen` (
  `id` int(11) NOT NULL,
  `pin` int(11) DEFAULT NULL,
  `date_time` datetime DEFAULT NULL,
  `date` date NOT NULL,
  `time` time NOT NULL,
  `ver` int(11) DEFAULT NULL,
  `status` int(11) DEFAULT NULL
) ENGINE=InnoDB DEFAULT CHARSET=latin1;

--
-- Dumping data untuk tabel `data_mesinabsen`
--

INSERT INTO `data_mesinabsen` (`id`, `pin`, `date_time`, `date`, `time`, `ver`, `status`) VALUES
(254, 1, '2018-02-26 07:50:15', '2018-02-26', '07:50:15', 1, 255),
(255, 1, '2018-02-26 17:50:15', '2018-02-26', '17:50:15', 1, 255),
(256, 3, '2018-02-26 08:28:15', '2018-02-26', '08:28:15', 3, 255),
(258, 1, '2018-02-27 08:28:15', '2018-02-27', '08:29:15', 1, 255),
(260, 1, '2018-02-26 19:28:15', '2018-02-26', '19:28:15', 3, 255),
(262, 3, '2018-02-26 18:28:15', '2018-02-26', '18:28:15', 3, 255),
(263, 2, '2018-02-26 07:50:15', '2018-02-26', '07:50:15', 1, 255),
(264, 4, '2018-02-26 17:50:15', '2018-02-26', '17:50:15', 1, 255),
(265, 2, '2018-02-26 08:28:15', '2018-02-26', '08:28:15', 3, 255),
(266, 2, '2018-02-27 08:28:15', '2018-02-27', '08:29:15', 1, 255),
(267, 4, '2018-02-27 17:28:15', '2018-02-27', '17:28:15', 1, 255),
(268, 4, '2018-02-26 19:28:15', '2018-02-26', '19:28:15', 3, 255),
(269, 4, '2018-02-27 17:28:15', '2018-02-27', '17:28:15', 1, 255),
(270, 2, '2018-02-26 18:28:15', '2018-02-26', '18:28:15', 3, 255),
(271, 1, '2018-02-27 10:28:15', '2018-02-27', '10:28:15', 1, 255),
(272, 1, '2018-02-22 14:37:15', '2018-02-22', '14:37:15', 1, 255),
(273, 3, '2018-02-22 14:42:23', '2018-02-22', '14:42:23', 1, 255),
(274, 1, '2018-02-23 16:17:53', '2018-02-23', '16:17:53', 1, 255),
(275, 2, '2018-02-23 16:19:24', '2018-02-23', '16:19:24', 1, 255),
(276, 1, '2018-02-23 16:19:40', '2018-02-23', '16:19:40', 1, 255),
(277, 3, '2018-02-23 16:19:46', '2018-02-23', '16:19:46', 1, 255),
(278, 4, '2018-02-23 16:21:06', '2018-02-23', '16:21:06', 1, 255),
(279, 1, '2018-02-23 16:21:39', '2018-02-23', '16:21:39', 1, 255),
(280, 1, '2018-02-23 16:21:53', '2018-02-23', '16:21:53', 1, 255),
(281, 2, '2018-02-26 10:56:06', '2018-02-26', '10:56:06', 1, 255),
(282, 1, '2018-02-26 11:00:04', '2018-02-26', '11:00:04', 1, 255),
(283, 3, '2018-02-26 11:00:07', '2018-02-26', '11:00:07', 1, 255),
(284, 4, '2018-02-26 11:00:09', '2018-02-26', '11:00:09', 1, 255),
(285, 2, '2018-02-26 17:00:12', '2018-02-26', '17:00:12', 1, 255),
(286, 1, '2018-02-27 14:20:34', '2018-02-27', '14:20:34', 1, 255),
(287, 2, '2018-02-27 14:20:38', '2018-02-27', '14:20:38', 1, 255),
(288, 3, '2018-02-27 14:20:42', '2018-02-27', '14:20:42', 1, 255),
(289, 4, '2018-02-27 14:20:45', '2018-02-27', '14:20:45', 1, 255),
(290, 1, '2018-02-27 14:20:49', '2018-02-27', '14:20:49', 1, 255),
(291, 3, '2018-02-27 14:20:52', '2018-02-27', '14:20:52', 1, 255),
(292, 2, '2018-02-27 14:21:54', '2018-02-27', '14:21:54', 1, 255),
(293, 2, '2018-02-27 14:22:14', '2018-02-27', '14:22:14', 1, 255),
(294, 1, '2018-02-27 14:22:47', '2018-02-27', '14:22:47', 1, 255),
(295, 1, '2018-02-27 17:25:11', '2018-02-27', '17:25:11', 1, 255),
(296, 2, '2018-02-26 11:00:12', '2018-02-26', '11:00:12', 1, 255),
(297, 1, '2018-02-27 14:25:11', '2018-02-27', '14:25:11', 1, 255),
(298, 1, '2018-03-01 08:45:14', '2018-03-01', '08:45:14', 1, 255),
(299, 3, '2018-03-01 14:45:18', '2018-03-01', '14:45:18', 1, 255),
(300, 2, '2018-03-01 14:45:22', '2018-03-01', '14:45:22', 1, 255),
(301, 2, '2018-03-01 14:45:51', '2018-03-01', '14:45:51', 1, 255),
(302, 1, '2018-03-01 14:45:56', '2018-03-01', '14:45:56', 1, 255),
(303, 4, '2018-03-01 14:48:23', '2018-03-01', '14:48:23', 1, 255),
(304, 1, '2018-03-05 07:48:41', '2018-03-05', '07:48:41', 1, 255),
(305, 1, '2018-03-06 07:35:53', '2018-03-06', '07:35:53', 1, 255),
(306, 1, '2018-03-06 17:35:53', '2018-03-06', '17:35:53', 1, 255),
(307, 1, '2018-03-01 14:45:14', '2018-03-01', '14:45:14', 1, 255),
(308, 4, '2018-03-01 14:48:41', '2018-03-01', '14:48:41', 1, 255),
(309, 5, '2018-03-06 10:59:37', '2018-03-06', '10:59:37', 1, 255),
(310, 5, '2018-03-06 10:59:40', '2018-03-06', '10:59:40', 1, 255),
(311, 6, '2018-03-06 11:01:05', '2018-03-06', '11:01:05', 4, 255),
(312, 6, '2018-03-06 11:09:28', '2018-03-06', '11:09:28', 4, 255),
(313, 5, '2018-03-06 11:09:56', '2018-03-06', '11:09:56', 1, 255),
(314, 5, '2018-03-06 17:37:46', '2018-03-06', '17:37:46', 1, 255),
(315, 7, '2018-03-10 18:31:54', '2018-03-10', '18:31:54', 1, 255),
(316, 7, '2018-03-10 18:32:27', '2018-03-10', '18:32:27', 1, 255),
(317, 6, '2018-03-10 18:45:47', '2018-03-10', '18:45:47', 4, 255),
(318, 6, '2018-03-10 18:45:49', '2018-03-10', '18:45:49', 4, 255),
(319, 6, '2018-03-10 18:48:22', '2018-03-10', '18:48:22', 4, 255),
(320, 6, '2018-03-10 18:48:24', '2018-03-10', '18:48:24', 4, 255),
(321, 6, '2018-03-10 19:05:43', '2018-03-10', '19:05:43', 4, 255),
(322, 6, '2018-03-10 19:05:45', '2018-03-10', '19:05:45', 4, 255),
(323, 6, '2018-03-10 19:05:50', '2018-03-10', '19:05:50', 4, 255),
(324, 6, '2018-03-10 19:05:52', '2018-03-10', '19:05:52', 4, 255),
(325, 8, '2018-03-10 19:06:54', '2018-03-10', '19:06:54', 1, 255),
(326, 5, '2018-03-10 19:07:13', '2018-03-10', '19:07:13', 1, 255),
(327, 5, '2018-03-11 16:56:55', '2018-03-11', '16:56:55', 1, 255),
(328, 5, '2018-03-11 16:59:53', '2018-03-11', '16:59:53', 1, 255),
(329, 8, '2018-03-11 17:01:24', '2018-03-11', '17:01:24', 1, 255),
(330, 5, '2018-03-12 12:17:31', '2018-03-12', '12:17:31', 1, 255),
(331, 5, '2018-03-12 12:17:33', '2018-03-12', '12:17:33', 1, 255),
(332, 5, '2018-03-12 12:21:27', '2018-03-12', '12:21:27', 1, 255),
(333, 6, '2018-03-12 16:25:03', '2018-03-12', '16:25:03', 4, 255),
(334, 6, '2018-03-12 16:25:05', '2018-03-12', '16:25:05', 4, 255),
(335, 6, '2018-03-12 16:25:12', '2018-03-12', '16:25:12', 4, 255),
(336, 6, '2018-03-12 16:25:20', '2018-03-12', '16:25:20', 4, 255),
(337, 9, '2018-03-12 16:26:04', '2018-03-12', '16:26:04', 1, 255),
(338, 8, '2018-03-12 16:28:26', '2018-03-12', '16:28:26', 1, 255),
(339, 5, '2018-03-12 16:29:34', '2018-03-12', '16:29:34', 1, 255),
(340, 8, '2018-03-12 16:29:37', '2018-03-12', '16:29:37', 1, 255),
(341, 8, '2018-03-12 16:29:39', '2018-03-12', '16:29:39', 1, 255),
(342, 8, '2018-03-12 16:29:41', '2018-03-12', '16:29:41', 1, 255),
(343, 5, '2018-03-12 16:34:17', '2018-03-12', '16:34:17', 1, 255),
(344, 5, '2018-03-12 16:34:19', '2018-03-12', '16:34:19', 1, 255),
(345, 10, '2018-03-12 16:40:23', '2018-03-12', '16:40:23', 1, 255),
(346, 10, '2018-03-12 16:53:54', '2018-03-12', '16:53:54', 1, 255),
(347, 5, '2018-03-12 17:01:57', '2018-03-12', '17:01:57', 1, 255),
(348, 5, '2018-03-12 17:22:03', '2018-03-12', '17:22:03', 1, 255),
(349, 8, '2018-03-14 14:02:49', '2018-03-14', '14:02:49', 1, 255),
(350, 11, '2018-03-14 14:03:15', '2018-03-14', '14:03:15', 1, 255),
(351, 12, '2018-03-14 14:07:22', '2018-03-14', '14:07:22', 1, 255),
(352, 10, '2018-03-14 14:24:54', '2018-03-14', '14:24:54', 1, 255),
(353, 13, '2018-03-14 14:34:30', '2018-03-14', '14:34:30', 1, 255),
(354, 13, '2018-03-14 14:34:42', '2018-03-14', '14:34:42', 1, 255),
(355, 14, '2018-03-14 14:35:33', '2018-03-14', '14:35:33', 1, 255),
(356, 10, '2018-03-14 14:36:07', '2018-03-14', '14:36:07', 1, 255),
(357, 5, '2018-03-14 14:36:24', '2018-03-14', '14:36:24', 1, 255),
(358, 15, '2018-03-14 14:37:11', '2018-03-14', '14:37:11', 1, 255),
(359, 12, '2018-03-14 14:37:27', '2018-03-14', '14:37:27', 1, 255),
(360, 16, '2018-03-14 14:38:18', '2018-03-14', '14:38:18', 1, 255),
(361, 12, '2018-03-14 14:38:37', '2018-03-14', '14:38:37', 1, 255),
(362, 17, '2018-03-14 14:39:08', '2018-03-14', '14:39:08', 1, 255),
(363, 10, '2018-03-14 14:43:40', '2018-03-14', '14:43:40', 1, 255),
(364, 12, '2018-03-14 14:47:34', '2018-03-14', '14:47:34', 1, 255),
(365, 10, '2018-03-14 14:48:33', '2018-03-14', '14:48:33', 1, 255),
(366, 16, '2018-03-14 15:00:48', '2018-03-14', '15:00:48', 1, 255),
(367, 18, '2018-03-14 15:01:35', '2018-03-14', '15:01:35', 1, 255),
(368, 10, '2018-03-14 15:03:31', '2018-03-14', '15:03:31', 1, 255),
(369, 10, '2018-03-14 15:03:33', '2018-03-14', '15:03:33', 1, 255),
(370, 18, '2018-03-14 15:13:34', '2018-03-14', '15:13:34', 1, 255),
(371, 7, '2018-03-14 15:19:38', '2018-03-14', '15:19:38', 1, 255),
(372, 7, '2018-03-14 15:19:49', '2018-03-14', '15:19:49', 1, 255),
(373, 13, '2018-03-14 15:19:57', '2018-03-14', '15:19:57', 1, 255),
(374, 7, '2018-03-14 15:20:48', '2018-03-14', '15:20:48', 1, 255),
(375, 10, '2018-03-14 15:37:32', '2018-03-14', '15:37:32', 1, 255),
(376, 14, '2018-03-14 15:49:27', '2018-03-14', '15:49:27', 1, 255),
(377, 14, '2018-03-14 15:53:09', '2018-03-14', '15:53:09', 1, 255),
(378, 7, '2018-03-14 16:01:20', '2018-03-14', '16:01:20', 1, 255),
(379, 18, '2018-03-14 16:10:34', '2018-03-14', '16:10:34', 1, 255),
(380, 18, '2018-03-14 16:13:24', '2018-03-14', '16:13:24', 1, 255),
(381, 10, '2018-03-14 16:18:20', '2018-03-14', '16:18:20', 1, 255),
(382, 8, '2018-03-14 16:18:55', '2018-03-14', '16:18:55', 1, 255),
(383, 18, '2018-03-14 16:20:02', '2018-03-14', '16:20:02', 1, 255),
(384, 13, '2018-03-14 16:32:12', '2018-03-14', '16:32:12', 1, 255),
(385, 18, '2018-03-14 16:32:48', '2018-03-14', '16:32:48', 1, 255),
(386, 5, '2018-03-14 16:45:56', '2018-03-14', '16:45:56', 1, 255),
(387, 12, '2018-03-14 16:47:08', '2018-03-14', '16:47:08', 1, 255),
(388, 8, '2018-03-14 16:47:13', '2018-03-14', '16:47:13', 1, 255),
(389, 12, '2018-03-14 16:47:45', '2018-03-14', '16:47:45', 1, 255),
(390, 5, '2018-03-14 16:50:11', '2018-03-14', '16:50:11', 1, 255),
(391, 16, '2018-03-14 16:52:25', '2018-03-14', '16:52:25', 1, 255),
(392, 13, '2018-03-14 17:02:26', '2018-03-14', '17:02:26', 1, 255),
(393, 10, '2018-03-14 17:36:44', '2018-03-14', '17:36:44', 1, 255),
(394, 13, '2018-03-14 18:17:47', '2018-03-14', '18:17:47', 1, 255),
(395, 18, '2018-03-14 19:17:12', '2018-03-14', '19:17:12', 1, 255),
(396, 7, '2018-03-14 19:19:34', '2018-03-14', '19:19:34', 1, 255),
(397, 18, '2018-03-14 19:22:18', '2018-03-14', '19:22:18', 1, 255),
(398, 7, '2018-03-14 20:04:50', '2018-03-14', '20:04:50', 1, 255),
(399, 13, '2018-03-14 20:05:51', '2018-03-14', '20:05:51', 1, 255),
(400, 18, '2018-03-14 20:11:12', '2018-03-14', '20:11:12', 1, 255),
(401, 7, '2018-03-14 20:37:32', '2018-03-14', '20:37:32', 1, 255),
(402, 13, '2018-03-14 20:45:58', '2018-03-14', '20:45:58', 1, 255),
(403, 13, '2018-03-14 20:59:10', '2018-03-14', '20:59:10', 1, 255),
(404, 13, '2018-03-14 21:03:32', '2018-03-14', '21:03:32', 1, 255),
(405, 7, '2018-03-14 21:14:19', '2018-03-14', '21:14:19', 1, 255),
(406, 11, '2018-03-14 21:41:54', '2018-03-14', '21:41:54', 1, 255),
(407, 11, '2018-03-14 21:42:06', '2018-03-14', '21:42:06', 1, 255),
(408, 9, '2018-03-14 21:44:27', '2018-03-14', '21:44:27', 1, 255),
(409, 9, '2018-03-14 21:45:52', '2018-03-14', '21:45:52', 1, 255),
(410, 11, '2018-03-14 21:46:06', '2018-03-14', '21:46:06', 1, 255),
(411, 8, '2018-03-14 21:47:07', '2018-03-14', '21:47:07', 1, 255),
(412, 8, '2018-03-14 21:47:12', '2018-03-14', '21:47:12', 4, 255),
(413, 11, '2018-03-14 21:47:37', '2018-03-14', '21:47:37', 1, 255),
(414, 8, '2018-03-14 21:48:24', '2018-03-14', '21:48:24', 1, 255),
(415, 19, '2018-03-14 21:48:30', '2018-03-14', '21:48:30', 1, 255),
(416, 19, '2018-03-14 21:50:05', '2018-03-14', '21:50:05', 1, 255),
(417, 19, '2018-03-14 21:53:00', '2018-03-14', '21:53:00', 1, 255),
(418, 9, '2018-03-14 21:53:25', '2018-03-14', '21:53:25', 1, 255),
(419, 7, '2018-03-14 22:19:53', '2018-03-14', '22:19:53', 1, 255),
(420, 7, '2018-03-14 22:22:21', '2018-03-14', '22:22:21', 1, 255),
(421, 8, '2018-03-14 22:45:39', '2018-03-14', '22:45:39', 1, 255),
(422, 7, '2018-03-14 22:49:16', '2018-03-14', '22:49:16', 1, 255),
(423, 7, '2018-03-14 22:55:20', '2018-03-14', '22:55:20', 1, 255),
(424, 7, '2018-03-14 23:01:21', '2018-03-14', '23:01:21', 1, 255),
(425, 7, '2018-03-14 23:29:45', '2018-03-14', '23:29:45', 1, 255),
(426, 7, '2018-03-14 23:30:51', '2018-03-14', '23:30:51', 1, 255),
(427, 7, '2018-03-14 23:32:43', '2018-03-14', '23:32:43', 1, 255),
(428, 7, '2018-03-14 23:49:44', '2018-03-14', '23:49:44', 1, 255),
(429, 7, '2018-03-15 00:00:14', '2018-03-15', '00:00:14', 1, 255),
(430, 13, '2018-03-15 07:38:37', '2018-03-15', '07:38:37', 1, 255),
(431, 13, '2018-03-15 07:39:21', '2018-03-15', '07:39:21', 1, 255),
(432, 13, '2018-03-15 07:42:32', '2018-03-15', '07:42:32', 1, 255),
(433, 13, '2018-03-15 07:43:37', '2018-03-15', '07:43:37', 1, 255),
(434, 12, '2018-03-15 07:59:24', '2018-03-15', '07:59:24', 1, 255),
(435, 10, '2018-03-15 08:04:10', '2018-03-15', '08:04:10', 1, 255),
(436, 13, '2018-03-15 08:07:44', '2018-03-15', '08:07:44', 1, 255),
(437, 10, '2018-03-15 08:18:46', '2018-03-15', '08:18:46', 1, 255),
(438, 9, '2018-03-15 08:20:43', '2018-03-15', '08:20:43', 1, 255),
(439, 9, '2018-03-15 08:23:26', '2018-03-15', '08:23:26', 1, 255),
(440, 14, '2018-03-15 08:29:41', '2018-03-15', '08:29:41', 1, 255),
(441, 12, '2018-03-15 08:30:47', '2018-03-15', '08:30:47', 1, 255),
(442, 13, '2018-03-15 08:36:08', '2018-03-15', '08:36:08', 1, 255),
(443, 13, '2018-03-15 08:52:27', '2018-03-15', '08:52:27', 1, 255),
(444, 9, '2018-03-15 09:04:11', '2018-03-15', '09:04:11', 1, 255),
(445, 18, '2018-03-15 09:17:23', '2018-03-15', '09:17:23', 1, 255),
(446, 7, '2018-03-15 09:28:07', '2018-03-15', '09:28:07', 1, 255),
(447, 10, '2018-03-15 09:28:58', '2018-03-15', '09:28:58', 1, 255),
(448, 10, '2018-03-15 09:29:00', '2018-03-15', '09:29:00', 1, 255),
(449, 12, '2018-03-15 09:34:28', '2018-03-15', '09:34:28', 1, 255),
(450, 15, '2018-03-15 09:34:48', '2018-03-15', '09:34:48', 1, 255),
(451, 15, '2018-03-15 09:44:38', '2018-03-15', '09:44:38', 1, 255),
(452, 10, '2018-03-15 09:50:45', '2018-03-15', '09:50:45', 1, 255),
(453, 9, '2018-03-15 09:53:25', '2018-03-15', '09:53:25', 1, 255),
(454, 10, '2018-03-15 10:06:40', '2018-03-15', '10:06:40', 1, 255),
(455, 17, '2018-03-15 10:11:43', '2018-03-15', '10:11:43', 1, 255),
(456, 19, '2018-03-15 10:13:27', '2018-03-15', '10:13:27', 1, 255),
(457, 9, '2018-03-15 10:25:52', '2018-03-15', '10:25:52', 1, 255),
(458, 14, '2018-03-15 10:31:47', '2018-03-15', '10:31:47', 1, 255),
(459, 13, '2018-03-15 10:34:33', '2018-03-15', '10:34:33', 1, 255),
(460, 13, '2018-03-15 10:34:35', '2018-03-15', '10:34:35', 1, 255),
(461, 8, '2018-03-15 10:35:46', '2018-03-15', '10:35:46', 1, 255),
(462, 10, '2018-03-15 10:36:37', '2018-03-15', '10:36:37', 1, 255),
(463, 11, '2018-03-15 10:38:09', '2018-03-15', '10:38:09', 1, 255),
(464, 13, '2018-03-15 10:40:37', '2018-03-15', '10:40:37', 1, 255),
(465, 10, '2018-03-15 10:41:05', '2018-03-15', '10:41:05', 1, 255),
(466, 8, '2018-03-15 10:44:14', '2018-03-15', '10:44:14', 1, 255),
(467, 11, '2018-03-15 10:47:01', '2018-03-15', '10:47:01', 1, 255),
(468, 10, '2018-03-15 10:50:49', '2018-03-15', '10:50:49', 1, 255),
(469, 17, '2018-03-15 10:51:47', '2018-03-15', '10:51:47', 1, 255),
(470, 10, '2018-03-15 10:56:00', '2018-03-15', '10:56:00', 1, 255),
(471, 11, '2018-03-15 11:01:16', '2018-03-15', '11:01:16', 1, 255),
(472, 9, '2018-03-15 11:06:21', '2018-03-15', '11:06:21', 1, 255),
(473, 16, '2018-03-15 11:07:26', '2018-03-15', '11:07:26', 1, 255),
(474, 13, '2018-03-15 11:11:30', '2018-03-15', '11:11:30', 1, 255),
(475, 15, '2018-03-15 11:16:08', '2018-03-15', '11:16:08', 1, 255),
(476, 12, '2018-03-15 11:19:23', '2018-03-15', '11:19:23', 1, 255),
(477, 12, '2018-03-15 11:20:04', '2018-03-15', '11:20:04', 1, 255),
(478, 13, '2018-03-15 11:35:01', '2018-03-15', '11:35:01', 1, 255),
(479, 13, '2018-03-15 11:35:31', '2018-03-15', '11:35:31', 1, 255),
(480, 13, '2018-03-15 11:37:22', '2018-03-15', '11:37:22', 1, 255),
(481, 11, '2018-03-15 11:42:57', '2018-03-15', '11:42:57', 1, 255),
(482, 13, '2018-03-15 11:44:48', '2018-03-15', '11:44:48', 1, 255),
(483, 13, '2018-03-15 11:48:05', '2018-03-15', '11:48:05', 1, 255),
(484, 13, '2018-03-15 11:49:37', '2018-03-15', '11:49:37', 1, 255),
(485, 13, '2018-03-15 11:50:02', '2018-03-15', '11:50:02', 1, 255),
(486, 14, '2018-03-15 12:01:14', '2018-03-15', '12:01:14', 1, 255),
(487, 13, '2018-03-15 12:01:49', '2018-03-15', '12:01:49', 1, 255),
(488, 13, '2018-03-15 12:11:07', '2018-03-15', '12:11:07', 1, 255),
(489, 12, '2018-03-15 12:12:24', '2018-03-15', '12:12:24', 1, 255),
(490, 13, '2018-03-15 12:18:26', '2018-03-15', '12:18:26', 1, 255),
(491, 7, '2018-03-15 12:19:31', '2018-03-15', '12:19:31', 1, 255),
(492, 10, '2018-03-15 12:36:33', '2018-03-15', '12:36:33', 1, 255),
(493, 14, '2018-03-15 12:37:51', '2018-03-15', '12:37:51', 1, 255),
(494, 16, '2018-03-15 12:43:19', '2018-03-15', '12:43:19', 1, 255),
(495, 10, '2018-03-15 12:49:24', '2018-03-15', '12:49:24', 1, 255),
(496, 18, '2018-03-15 12:54:07', '2018-03-15', '12:54:07', 1, 255),
(497, 18, '2018-03-15 12:54:45', '2018-03-15', '12:54:45', 1, 255),
(498, 7, '2018-03-15 12:57:16', '2018-03-15', '12:57:16', 1, 255),
(499, 19, '2018-03-15 13:03:25', '2018-03-15', '13:03:25', 1, 255),
(500, 7, '2018-03-15 13:04:35', '2018-03-15', '13:04:35', 1, 255),
(501, 14, '2018-03-15 13:29:13', '2018-03-15', '13:29:13', 1, 255),
(502, 10, '2018-03-15 13:41:45', '2018-03-15', '13:41:45', 1, 255),
(503, 7, '2018-03-15 14:08:27', '2018-03-15', '14:08:27', 1, 255),
(504, 14, '2018-03-15 14:22:09', '2018-03-15', '14:22:09', 1, 255),
(505, 17, '2018-03-15 14:27:33', '2018-03-15', '14:27:33', 1, 255),
(506, 17, '2018-03-15 14:28:01', '2018-03-15', '14:28:01', 1, 255),
(507, 16, '2018-03-15 14:46:04', '2018-03-15', '14:46:04', 1, 255),
(508, 10, '2018-03-15 14:46:17', '2018-03-15', '14:46:17', 1, 255),
(509, 14, '2018-03-15 14:54:44', '2018-03-15', '14:54:44', 1, 255),
(510, 15, '2018-03-15 15:22:15', '2018-03-15', '15:22:15', 1, 255),
(511, 7, '2018-03-15 15:22:27', '2018-03-15', '15:22:27', 1, 255),
(512, 10, '2018-03-15 15:26:12', '2018-03-15', '15:26:12', 1, 255),
(513, 10, '2018-03-15 15:26:14', '2018-03-15', '15:26:14', 1, 255),
(514, 13, '2018-03-15 15:34:00', '2018-03-15', '15:34:00', 1, 255),
(515, 16, '2018-03-15 15:42:08', '2018-03-15', '15:42:08', 1, 255),
(516, 10, '2018-03-15 15:44:32', '2018-03-15', '15:44:32', 1, 255),
(517, 14, '2018-03-15 15:45:47', '2018-03-15', '15:45:47', 1, 255),
(518, 16, '2018-03-15 15:48:54', '2018-03-15', '15:48:54', 1, 255),
(519, 7, '2018-03-15 15:51:47', '2018-03-15', '15:51:47', 1, 255),
(520, 10, '2018-03-15 15:59:45', '2018-03-15', '15:59:45', 1, 255),
(521, 15, '2018-03-15 16:05:44', '2018-03-15', '16:05:44', 1, 255),
(522, 13, '2018-03-15 16:07:11', '2018-03-15', '16:07:11', 1, 255),
(523, 17, '2018-03-15 16:29:04', '2018-03-15', '16:29:04', 1, 255),
(524, 12, '2018-03-15 16:29:15', '2018-03-15', '16:29:15', 1, 255),
(525, 16, '2018-03-15 16:35:40', '2018-03-15', '16:35:40', 1, 255),
(526, 18, '2018-03-15 16:46:29', '2018-03-15', '16:46:29', 1, 255),
(527, 18, '2018-03-15 16:46:33', '2018-03-15', '16:46:33', 1, 255),
(528, 10, '2018-03-15 16:59:54', '2018-03-15', '16:59:54', 1, 255),
(529, 15, '2018-03-15 17:02:03', '2018-03-15', '17:02:03', 1, 255),
(530, 16, '2018-03-15 17:03:20', '2018-03-15', '17:03:20', 1, 255),
(531, 7, '2018-03-15 17:12:02', '2018-03-15', '17:12:02', 1, 255),
(532, 13, '2018-03-15 18:06:45', '2018-03-15', '18:06:45', 1, 255),
(533, 9, '2018-03-15 18:25:30', '2018-03-15', '18:25:30', 1, 255),
(534, 9, '2018-03-15 18:26:09', '2018-03-15', '18:26:09', 1, 255),
(535, 9, '2018-03-15 18:43:32', '2018-03-15', '18:43:32', 1, 255),
(536, 2, '2018-03-15 19:50:55', '2018-03-15', '19:50:55', 1, 255),
(537, 1, '2018-03-15 19:51:15', '2018-03-15', '19:51:15', 1, 255),
(538, 1, '2018-03-15 19:54:13', '2018-03-15', '19:54:13', 1, 255),
(539, 1, '2018-03-15 19:54:22', '2018-03-15', '19:54:22', 1, 255),
(540, 1, '2018-03-15 20:02:06', '2018-03-15', '20:02:06', 1, 255),
(541, 1, '2018-03-15 20:02:20', '2018-03-15', '20:02:20', 1, 255),
(542, 3, '2018-03-15 20:11:20', '2018-03-15', '20:11:20', 1, 255),
(543, 1, '2018-03-15 20:11:35', '2018-03-15', '20:11:35', 1, 255),
(544, 3, '2018-03-15 20:17:30', '2018-03-15', '20:17:30', 1, 255),
(545, 1, '2018-03-15 20:17:50', '2018-03-15', '20:17:50', 1, 255),
(546, 1, '2018-03-15 20:18:18', '2018-03-15', '20:18:18', 1, 255),
(547, 8, '2018-03-15 20:18:58', '2018-03-15', '20:18:58', 1, 255),
(548, 8, '2018-03-15 20:22:41', '2018-03-15', '20:22:41', 4, 255),
(549, 3, '2018-03-15 20:25:51', '2018-03-15', '20:25:51', 1, 255),
(550, 8, '2018-03-15 20:28:56', '2018-03-15', '20:28:56', 4, 255),
(551, 8, '2018-03-15 20:29:11', '2018-03-15', '20:29:11', 4, 255),
(552, 7, '2018-03-15 20:51:48', '2018-03-15', '20:51:48', 1, 255),
(553, 8, '2018-03-15 20:54:41', '2018-03-15', '20:54:41', 1, 255),
(554, 7, '2018-03-15 21:06:01', '2018-03-15', '21:06:01', 1, 255),
(555, 7, '2018-03-15 21:06:25', '2018-03-15', '21:06:25', 1, 255),
(556, 13, '2018-03-15 21:06:41', '2018-03-15', '21:06:41', 1, 255),
(557, 13, '2018-03-15 21:06:44', '2018-03-15', '21:06:44', 1, 255),
(558, 13, '2018-03-15 21:09:34', '2018-03-15', '21:09:34', 1, 255),
(559, 11, '2018-03-15 22:19:33', '2018-03-15', '22:19:33', 1, 255),
(560, 11, '2018-03-15 22:19:43', '2018-03-15', '22:19:43', 1, 255),
(561, 8, '2018-03-15 22:27:31', '2018-03-15', '22:27:31', 1, 255),
(562, 8, '2018-03-15 22:34:17', '2018-03-15', '22:34:17', 1, 255),
(563, 19, '2018-03-16 06:35:19', '2018-03-16', '06:35:19', 1, 255),
(564, 3, '2018-03-16 08:16:38', '2018-03-16', '08:16:38', 1, 255),
(565, 3, '2018-03-16 08:16:47', '2018-03-16', '08:16:47', 1, 255),
(566, 19, '2018-03-16 08:18:45', '2018-03-16', '08:18:45', 1, 255),
(567, 3, '2018-03-16 08:21:04', '2018-03-16', '08:21:04', 1, 255),
(568, 3, '2018-03-16 08:22:42', '2018-03-16', '08:22:42', 1, 255),
(569, 11, '2018-03-16 08:29:02', '2018-03-16', '08:29:02', 1, 255),
(570, 3, '2018-03-16 08:33:46', '2018-03-16', '08:33:46', 1, 255),
(571, 13, '2018-03-16 08:34:53', '2018-03-16', '08:34:53', 1, 255),
(572, 7, '2018-03-16 08:38:31', '2018-03-16', '08:38:31', 1, 255),
(573, 13, '2018-03-16 08:39:53', '2018-03-16', '08:39:53', 1, 255),
(574, 16, '2018-03-16 08:40:55', '2018-03-16', '08:40:55', 1, 255),
(575, 10, '2018-03-16 08:49:53', '2018-03-16', '08:49:53', 1, 255),
(576, 10, '2018-03-16 08:49:56', '2018-03-16', '08:49:56', 1, 255),
(577, 13, '2018-03-16 08:50:28', '2018-03-16', '08:50:28', 1, 255),
(578, 10, '2018-03-16 08:52:20', '2018-03-16', '08:52:20', 1, 255),
(579, 3, '2018-03-16 08:56:43', '2018-03-16', '08:56:43', 1, 255),
(580, 10, '2018-03-16 08:57:08', '2018-03-16', '08:57:08', 1, 255),
(581, 11, '2018-03-16 08:58:27', '2018-03-16', '08:58:27', 1, 255),
(582, 11, '2018-03-16 08:58:34', '2018-03-16', '08:58:34', 1, 255),
(583, 10, '2018-03-16 08:59:30', '2018-03-16', '08:59:30', 1, 255),
(584, 10, '2018-03-16 09:11:30', '2018-03-16', '09:11:30', 1, 255),
(585, 9, '2018-03-16 09:55:41', '2018-03-16', '09:55:41', 1, 255),
(586, 20, '2018-03-16 09:59:52', '2018-03-16', '09:59:52', 1, 255),
(587, 20, '2018-03-16 10:00:10', '2018-03-16', '10:00:10', 1, 255),
(588, 20, '2018-03-16 10:01:24', '2018-03-16', '10:01:24', 1, 255),
(589, 3, '2018-03-16 10:11:47', '2018-03-16', '10:11:47', 1, 255),
(590, 15, '2018-03-16 10:19:01', '2018-03-16', '10:19:01', 1, 255),
(591, 15, '2018-03-16 10:23:57', '2018-03-16', '10:23:57', 1, 255),
(592, 3, '2018-03-16 10:30:21', '2018-03-16', '10:30:21', 1, 255),
(593, 9, '2018-03-16 10:32:32', '2018-03-16', '10:32:32', 1, 255),
(594, 10, '2018-03-16 10:34:10', '2018-03-16', '10:34:10', 1, 255),
(595, 7, '2018-03-16 10:41:49', '2018-03-16', '10:41:49', 1, 255),
(596, 7, '2018-03-16 10:41:56', '2018-03-16', '10:41:56', 1, 255),
(597, 18, '2018-03-16 10:42:07', '2018-03-16', '10:42:07', 1, 255),
(598, 15, '2018-03-16 10:49:44', '2018-03-16', '10:49:44', 1, 255),
(599, 10, '2018-03-16 11:02:39', '2018-03-16', '11:02:39', 1, 255),
(600, 9, '2018-03-16 11:09:30', '2018-03-16', '11:09:30', 1, 255),
(601, 18, '2018-03-16 11:09:44', '2018-03-16', '11:09:44', 1, 255),
(602, 9, '2018-03-16 11:10:20', '2018-03-16', '11:10:20', 1, 255),
(603, 18, '2018-03-16 11:12:09', '2018-03-16', '11:12:09', 1, 255),
(604, 3, '2018-03-16 11:13:26', '2018-03-16', '11:13:26', 1, 255),
(605, 3, '2018-03-16 11:13:32', '2018-03-16', '11:13:32', 1, 255),
(606, 21, '2018-03-16 11:14:13', '2018-03-16', '11:14:13', 1, 255),
(607, 3, '2018-03-16 11:14:20', '2018-03-16', '11:14:20', 1, 255),
(608, 16, '2018-03-16 11:22:06', '2018-03-16', '11:22:06', 1, 255),
(609, 16, '2018-03-16 11:24:27', '2018-03-16', '11:24:27', 1, 255),
(610, 16, '2018-03-16 11:31:45', '2018-03-16', '11:31:45', 1, 255),
(611, 16, '2018-03-16 11:49:28', '2018-03-16', '11:49:28', 1, 255),
(612, 14, '2018-03-16 11:50:24', '2018-03-16', '11:50:24', 1, 255),
(613, 17, '2018-03-16 12:02:19', '2018-03-16', '12:02:19', 1, 255),
(614, 10, '2018-03-16 12:13:26', '2018-03-16', '12:13:26', 1, 255),
(615, 15, '2018-03-16 12:13:47', '2018-03-16', '12:13:47', 1, 255),
(616, 14, '2018-03-16 12:27:54', '2018-03-16', '12:27:54', 1, 255),
(617, 17, '2018-03-16 12:30:11', '2018-03-16', '12:30:11', 1, 255),
(618, 14, '2018-03-16 12:33:51', '2018-03-16', '12:33:51', 1, 255),
(619, 14, '2018-03-16 12:46:08', '2018-03-16', '12:46:08', 1, 255),
(620, 16, '2018-03-16 12:54:42', '2018-03-16', '12:54:42', 1, 255),
(621, 10, '2018-03-16 13:01:04', '2018-03-16', '13:01:04', 1, 255),
(622, 7, '2018-03-16 13:05:37', '2018-03-16', '13:05:37', 1, 255),
(623, 3, '2018-03-16 13:06:04', '2018-03-16', '13:06:04', 1, 255),
(624, 15, '2018-03-16 13:06:53', '2018-03-16', '13:06:53', 1, 255),
(625, 9, '2018-03-16 13:12:15', '2018-03-16', '13:12:15', 1, 255),
(626, 9, '2018-03-16 13:14:10', '2018-03-16', '13:14:10', 1, 255),
(627, 16, '2018-03-16 13:31:48', '2018-03-16', '13:31:48', 1, 255),
(628, 17, '2018-03-16 13:41:24', '2018-03-16', '13:41:24', 1, 255),
(629, 10, '2018-03-16 13:58:04', '2018-03-16', '13:58:04', 1, 255),
(630, 15, '2018-03-16 14:00:51', '2018-03-16', '14:00:51', 1, 255),
(631, 10, '2018-03-16 14:01:03', '2018-03-16', '14:01:03', 1, 255),
(632, 9, '2018-03-16 14:03:04', '2018-03-16', '14:03:04', 1, 255),
(633, 3, '2018-03-16 14:31:53', '2018-03-16', '14:31:53', 1, 255),
(634, 10, '2018-03-16 14:32:13', '2018-03-16', '14:32:13', 1, 255),
(635, 10, '2018-03-16 15:02:10', '2018-03-16', '15:02:10', 1, 255),
(636, 19, '2018-03-16 15:25:59', '2018-03-16', '15:25:59', 1, 255),
(637, 18, '2018-03-16 15:37:47', '2018-03-16', '15:37:47', 1, 255),
(638, 10, '2018-03-16 15:38:03', '2018-03-16', '15:38:03', 1, 255),
(639, 3, '2018-03-16 15:41:43', '2018-03-16', '15:41:43', 1, 255),
(640, 16, '2018-03-16 15:44:08', '2018-03-16', '15:44:08', 1, 255),
(641, 14, '2018-03-16 15:44:21', '2018-03-16', '15:44:21', 1, 255),
(642, 19, '2018-03-16 15:50:11', '2018-03-16', '15:50:11', 1, 255),
(643, 17, '2018-03-16 15:51:07', '2018-03-16', '15:51:07', 1, 255),
(644, 7, '2018-03-16 15:52:04', '2018-03-16', '15:52:04', 1, 255),
(645, 7, '2018-03-16 15:53:15', '2018-03-16', '15:53:15', 1, 255),
(646, 3, '2018-03-16 15:54:56', '2018-03-16', '15:54:56', 1, 255),
(647, 7, '2018-03-16 16:14:38', '2018-03-16', '16:14:38', 1, 255),
(648, 7, '2018-03-16 16:24:27', '2018-03-16', '16:24:27', 1, 255),
(649, 14, '2018-03-16 16:26:59', '2018-03-16', '16:26:59', 1, 255),
(650, 14, '2018-03-16 16:27:08', '2018-03-16', '16:27:08', 1, 255),
(651, 14, '2018-03-16 16:27:52', '2018-03-16', '16:27:52', 1, 255),
(652, 15, '2018-03-16 16:39:57', '2018-03-16', '16:39:57', 1, 255),
(653, 17, '2018-03-16 16:44:51', '2018-03-16', '16:44:51', 1, 255),
(654, 18, '2018-03-16 16:48:31', '2018-03-16', '16:48:31', 1, 255),
(655, 3, '2018-03-16 16:53:02', '2018-03-16', '16:53:02', 1, 255);

-- --------------------------------------------------------

--
-- Struktur dari tabel `department`
--

CREATE TABLE `department` (
  `dept_id` int(11) NOT NULL,
  `dept_nama` varchar(50) NOT NULL,
  `dept_kode` varchar(10) NOT NULL,
  `dept_update` datetime NOT NULL
) ENGINE=InnoDB DEFAULT CHARSET=latin1;

--
-- Dumping data untuk tabel `department`
--

INSERT INTO `department` (`dept_id`, `dept_nama`, `dept_kode`, `dept_update`) VALUES
(1, 'DEPARTMENT CREATIVE', 'DC', '2018-01-26 04:18:26'),
(2, 'DEPARTMENT PRODUKSI', 'DEPRO', '2018-01-26 04:18:26'),
(3, 'DEPARTMENT OPERASIONAL', 'DEPRA', '2018-01-26 00:00:00'),
(4, 'DEPARTMENT ADMINISTRASI', 'DEPMIN', '2018-01-25 00:00:00'),
(5, 'DEPARTMENT KEPEGAWAIAN', 'DEPKEP', '2018-01-26 00:00:00'),
(6, 'DEPARTMENT KEUANGAN', 'DEPKEU', '2018-01-27 00:00:00'),
(7, 'DEPARTMENT MARKETING', 'DEPMAR', '2018-01-27 00:00:00'),
(8, 'General Manager', 'GM', '2018-03-09 06:14:11');

-- --------------------------------------------------------

--
-- Struktur dari tabel `diklat`
--

CREATE TABLE `diklat` (
  `diklat_id` int(11) NOT NULL,
  `diklat_nama` varchar(50) NOT NULL,
  `diklat_created` datetime NOT NULL
) ENGINE=InnoDB DEFAULT CHARSET=latin1;

--
-- Dumping data untuk tabel `diklat`
--

INSERT INTO `diklat` (`diklat_id`, `diklat_nama`, `diklat_created`) VALUES
(1, 'Diklat kedua', '2018-03-08 09:00:16'),
(3, 'Diklat Perdana', '2018-03-08 09:53:36');

-- --------------------------------------------------------

--
-- Struktur dari tabel `family`
--

CREATE TABLE `family` (
  `fam_id` int(11) NOT NULL,
  `fam_user_id` int(11) NOT NULL,
  `fam_nama` varchar(100) NOT NULL,
  `fam_tempat_lahir` varchar(50) NOT NULL,
  `fam_tgl_lahir` date NOT NULL,
  `fam_gender` varchar(10) NOT NULL,
  `fam_pendidikan` varchar(50) NOT NULL,
  `fam_pekerjaan` varchar(50) NOT NULL,
  `fam_agama` varchar(20) NOT NULL,
  `fam_status_nikah` varchar(50) NOT NULL,
  `fam_status_hidup` varchar(50) NOT NULL,
  `fam_status_anak` varchar(50) NOT NULL,
  `fam_update` datetime NOT NULL
) ENGINE=InnoDB DEFAULT CHARSET=latin1;

--
-- Dumping data untuk tabel `family`
--

INSERT INTO `family` (`fam_id`, `fam_user_id`, `fam_nama`, `fam_tempat_lahir`, `fam_tgl_lahir`, `fam_gender`, `fam_pendidikan`, `fam_pekerjaan`, `fam_agama`, `fam_status_nikah`, `fam_status_hidup`, `fam_status_anak`, `fam_update`) VALUES
(2, 50, 'IDRIS', 'Ponorogo', '1948-04-01', 'Laki-Laki', 'SMA', 'Wiraswasta', 'Islam', 'Sudah Nikah', 'Hidup', 'Kandung', '2018-01-27 00:00:00');

-- --------------------------------------------------------

--
-- Struktur dari tabel `hak_akses`
--

CREATE TABLE `hak_akses` (
  `hak_id` int(11) NOT NULL,
  `hak_ug_id` int(11) NOT NULL,
  `hak_mod_id` int(11) NOT NULL,
  `hak_akses` varchar(100) DEFAULT NULL,
  `hak_add` varchar(50) DEFAULT NULL,
  `hak_edit` varchar(50) DEFAULT NULL,
  `hak_delete` varchar(50) DEFAULT NULL,
  `hak_date` datetime DEFAULT NULL
) ENGINE=InnoDB DEFAULT CHARSET=latin1;

--
-- Dumping data untuk tabel `hak_akses`
--

INSERT INTO `hak_akses` (`hak_id`, `hak_ug_id`, `hak_mod_id`, `hak_akses`, `hak_add`, `hak_edit`, `hak_delete`, `hak_date`) VALUES
(102, 1, 1, 'akses', 'add', 'edit', 'kosong', '2018-02-06 03:38:16'),
(103, 1, 2, 'akses', 'kosong', 'edit', 'kosong', '2018-02-06 03:38:16'),
(104, 1, 3, 'kosong', 'kosong', 'kosong', 'kosong', '2018-02-06 03:38:16'),
(105, 1, 4, 'akses', 'add', 'kosong', 'delete', '2018-02-06 03:38:16'),
(106, 1, 5, 'akses', 'add', 'edit', 'kosong', '2018-02-06 03:38:16'),
(108, 2, 1, 'akses', 'kosong', 'kosong', 'kosong', '2018-02-06 03:52:23'),
(109, 2, 2, 'akses', 'kosong', 'kosong', 'kosong', '2018-02-06 03:52:23'),
(110, 2, 3, 'kosong', 'kosong', 'kosong', 'kosong', '2018-02-06 03:52:23'),
(111, 2, 4, 'akses', 'kosong', 'kosong', 'kosong', '2018-02-06 03:52:23'),
(112, 2, 5, 'akses', 'kosong', 'kosong', 'kosong', '2018-02-06 03:52:23'),
(118, 1, 6, 'akses', 'add', 'kosong', 'kosong', '2018-02-07 03:42:39'),
(119, 1, 7, 'akses', 'kosong', 'kosong', 'delete', '2018-02-07 03:42:39'),
(120, 1, 8, 'akses', 'add', 'kosong', 'kosong', '2018-02-07 03:42:39'),
(121, 1, 9, 'akses', 'add', 'kosong', 'kosong', '2018-02-07 03:42:40'),
(131, 1, 10, 'akses', 'add', 'kosong', 'delete', '2018-02-07 03:43:23'),
(142, 1, 11, 'akses', 'kosong', 'edit', 'kosong', '2018-02-07 04:07:59'),
(143, 1, 12, 'akses', 'kosong', 'edit', 'kosong', '2018-02-07 04:07:59'),
(144, 1, 13, 'akses', NULL, NULL, NULL, NULL),
(145, 1, 14, 'akses', NULL, NULL, NULL, NULL),
(150, 1, 21, 'akses', 'kosong', 'kosong', 'kosong', NULL),
(151, 1, 22, 'akses', 'kosong', 'kosong', 'kosong', '2018-02-17 00:00:00'),
(152, 1, 23, 'akses', 'add', 'kosong', 'kosong', NULL),
(153, 1, 24, 'akses', 'kosong', 'kosong', 'kosong', NULL),
(154, 1, 25, 'akses', 'kosong', 'kosong', 'kosong', NULL),
(155, 1, 26, 'akses', 'kosong', 'kosong', 'kosong', NULL),
(156, 1, 27, 'akses', 'kosong', 'kosong', 'kosong', NULL),
(157, 1, 28, 'akses', 'kosong', 'kosong', 'kosong', NULL),
(158, 1, 29, 'akses', 'kosong', 'kosong', 'kosong', NULL),
(159, 1, 30, 'akses', 'kosong', 'kosong', 'kosong', NULL),
(160, 1, 31, 'akses', 'kosong', 'kosong', 'kosong', NULL),
(161, 1, 32, 'akses', 'kosong', 'kosong', 'kosong', NULL),
(162, 1, 33, 'akses', 'kosong', 'kosong', 'kosong', NULL),
(163, 1, 34, 'akses', 'kosong', 'kosong', 'kosong', NULL),
(164, 1, 35, 'akses', 'kosong', 'kosong', 'kosong', NULL),
(165, 1, 36, 'akses', 'kosong', 'kosong', 'kosong', NULL),
(166, 1, 37, 'akses', 'kosong', 'kosong', 'kosong', NULL),
(167, 1, 38, 'akses', 'kosong', 'kosong', 'kosong', NULL),
(168, 1, 39, 'akses', 'kosong', 'kosong', 'kosong', NULL);

-- --------------------------------------------------------

--
-- Struktur dari tabel `hari_kerja`
--

CREATE TABLE `hari_kerja` (
  `hari_id` int(11) NOT NULL,
  `hari_jam_id` int(11) NOT NULL,
  `hari_nama` varchar(10) NOT NULL,
  `hari_jam_masuk` time NOT NULL,
  `hari_jam_akhir_masuk` time NOT NULL,
  `hari_jam_pulang` time NOT NULL,
  `hari_jam_akhir_pulang` time NOT NULL,
  `hari_jam_lembur` time NOT NULL,
  `hari_selesai_lembur` time NOT NULL,
  `hari_datetime` datetime NOT NULL
) ENGINE=InnoDB DEFAULT CHARSET=latin1;

--
-- Dumping data untuk tabel `hari_kerja`
--

INSERT INTO `hari_kerja` (`hari_id`, `hari_jam_id`, `hari_nama`, `hari_jam_masuk`, `hari_jam_akhir_masuk`, `hari_jam_pulang`, `hari_jam_akhir_pulang`, `hari_jam_lembur`, `hari_selesai_lembur`, `hari_datetime`) VALUES
(57, 49, 'senin', '08:30:00', '09:30:00', '17:30:00', '18:30:00', '18:30:00', '20:30:00', '2018-02-21 06:41:43'),
(58, 49, 'selasa', '08:05:00', '10:16:00', '17:00:00', '18:00:00', '18:30:00', '20:30:00', '2018-02-21 06:41:43'),
(59, 49, 'rabu', '08:30:00', '10:00:00', '17:00:00', '18:00:00', '18:30:00', '20:30:00', '2018-02-21 06:41:43'),
(60, 49, 'kamis', '08:00:00', '10:00:00', '17:00:00', '18:00:00', '18:30:00', '20:30:00', '2018-02-21 06:41:43'),
(61, 49, 'jumat', '08:00:00', '10:00:00', '17:00:00', '18:00:00', '18:30:00', '20:30:00', '2018-02-21 06:41:43'),
(62, 49, 'sabtu', '08:31:00', '17:00:00', '00:00:00', '18:00:00', '18:30:00', '20:30:00', '2018-02-21 06:41:43'),
(63, 49, 'minggu', '00:00:00', '00:00:00', '00:00:00', '00:00:00', '18:30:00', '20:30:00', '2018-02-21 06:41:43'),
(64, 50, 'senin', '08:10:26', '10:12:00', '17:00:00', '18:00:00', '18:30:00', '20:30:00', '2018-02-21 08:16:57'),
(65, 50, 'selasa', '08:24:00', '09:00:00', '17:00:00', '18:00:00', '18:30:00', '20:30:00', '2018-02-21 08:16:57'),
(66, 50, 'rabu', '08:00:00', '10:00:00', '17:18:00', '18:00:00', '18:30:00', '20:30:00', '2018-02-21 08:16:57'),
(67, 50, 'kamis', '08:00:00', '10:00:00', '17:00:00', '19:00:00', '19:30:00', '20:30:00', '2018-02-21 08:16:57'),
(68, 50, 'jumat', '08:18:00', '09:00:00', '17:00:00', '18:00:00', '18:30:00', '20:30:00', '2018-02-21 08:16:57'),
(69, 50, 'sabtu', '08:00:00', '09:22:00', '17:00:00', '18:00:00', '18:30:00', '20:30:00', '2018-02-21 08:16:57'),
(70, 50, 'minggu', '00:00:00', '00:00:00', '00:00:00', '00:00:00', '18:30:00', '20:30:00', '2018-02-21 08:16:57');

-- --------------------------------------------------------

--
-- Struktur dari tabel `izin`
--

CREATE TABLE `izin` (
  `izin_id` int(11) NOT NULL,
  `izin_user_id` int(11) NOT NULL,
  `izin_jenis_id` int(11) NOT NULL,
  `izin_date_start` date NOT NULL,
  `izin_date_end` date NOT NULL,
  `izin_keterangan` text NOT NULL,
  `izin_personalia_ket` text NOT NULL,
  `izin_gm_ket` text NOT NULL,
  `izin_status` varchar(50) NOT NULL,
  `izin_created` datetime NOT NULL
) ENGINE=InnoDB DEFAULT CHARSET=latin1;

--
-- Dumping data untuk tabel `izin`
--

INSERT INTO `izin` (`izin_id`, `izin_user_id`, `izin_jenis_id`, `izin_date_start`, `izin_date_end`, `izin_keterangan`, `izin_personalia_ket`, `izin_gm_ket`, `izin_status`, `izin_created`) VALUES
(4, 50, 4, '2018-03-04', '2018-03-05', 'coba keterangan', 'tes', '0', 'Disetujui', '2018-03-05 06:17:43'),
(5, 50, 9, '2018-03-06', '2018-03-06', 'yap', '0', '0', 'Disetujui', '2018-03-07 02:16:48'),
(6, 51, 10, '2018-03-05', '2018-03-06', 'izin', '0', '0', 'Pending', '2018-03-07 02:55:00'),
(7, 51, 10, '2018-03-06', '2018-03-07', 'izin', '0', '0', 'Pending', '2018-03-07 02:55:00'),
(8, 50, 9, '2018-03-07', '2018-03-07', 'tes', '0', '0', 'Pending', '2018-03-07 03:20:21');

-- --------------------------------------------------------

--
-- Struktur dari tabel `jabatan`
--

CREATE TABLE `jabatan` (
  `jab_id` int(11) NOT NULL,
  `jab_nama` varchar(100) NOT NULL,
  `jab_desc` text NOT NULL,
  `jab_update` datetime NOT NULL
) ENGINE=InnoDB DEFAULT CHARSET=latin1;

--
-- Dumping data untuk tabel `jabatan`
--

INSERT INTO `jabatan` (`jab_id`, `jab_nama`, `jab_desc`, `jab_update`) VALUES
(1, 'Designer', 'Designer', '2018-01-23 00:00:00'),
(2, 'Teknisi', 'Teknisi', '2018-01-24 00:00:00'),
(3, 'Backend Web Programer', 'Backend Web Programer', '0000-00-00 00:00:00'),
(4, 'Frontend Web', 'Frontend Web', '2018-01-25 00:00:00'),
(5, 'HRD', 'Human Resource Development', '2018-01-28 00:00:00');

-- --------------------------------------------------------

--
-- Struktur dari tabel `jam_kerja`
--

CREATE TABLE `jam_kerja` (
  `jam_id` int(11) NOT NULL,
  `jam_jenis_kerja` varchar(50) NOT NULL,
  `jam_auto` varchar(10) NOT NULL,
  `jam_hari_libur` varchar(10) NOT NULL,
  `jam_hari_kerja` varchar(100) NOT NULL,
  `jam_datetime` datetime NOT NULL
) ENGINE=InnoDB DEFAULT CHARSET=latin1;

--
-- Dumping data untuk tabel `jam_kerja`
--

INSERT INTO `jam_kerja` (`jam_id`, `jam_jenis_kerja`, `jam_auto`, `jam_hari_libur`, `jam_hari_kerja`, `jam_datetime`) VALUES
(49, 'Normal', 'Tidak', 'Ya', 'senin,selasa,rabu', '2018-02-21 06:41:43'),
(50, 'Admin', 'Ya', 'Ya', 'senin,selasa,rabu', '2018-02-21 08:16:57');

-- --------------------------------------------------------

--
-- Struktur dari tabel `jenis_izin`
--

CREATE TABLE `jenis_izin` (
  `ji_id` int(11) NOT NULL,
  `ji_jenis` varchar(100) NOT NULL,
  `ji_kategori` varchar(100) NOT NULL,
  `ji_kode` varchar(10) NOT NULL,
  `ji_created` datetime NOT NULL
) ENGINE=InnoDB DEFAULT CHARSET=latin1;

--
-- Dumping data untuk tabel `jenis_izin`
--

INSERT INTO `jenis_izin` (`ji_id`, `ji_jenis`, `ji_kategori`, `ji_kode`, `ji_created`) VALUES
(3, 'Cuti Bersama', 'Cuti', 'CB', '2018-03-03 06:15:26'),
(4, 'Cuti Khusus', 'Cuti', 'CTK', '2018-03-03 06:33:54'),
(5, 'Diliburkan', 'Libur', 'LBR', '2018-03-03 06:34:18'),
(7, 'Berduka', 'Izin', 'BDK', '2018-03-05 02:24:03'),
(8, 'Khitanan/Pembatisan', 'Izin', 'KHT', '2018-03-05 02:24:41'),
(9, 'Dinas', 'Dinas', 'DNS', '2018-03-05 02:25:29'),
(10, 'Izin', 'Izin', 'IZN', '2018-03-05 02:25:58');

-- --------------------------------------------------------

--
-- Struktur dari tabel `jenis_jabatan`
--

CREATE TABLE `jenis_jabatan` (
  `jab_id` int(11) NOT NULL,
  `jab_nama` varchar(100) NOT NULL,
  `jab_kode` varchar(50) NOT NULL,
  `jab_atasan` varchar(100) NOT NULL,
  `jab_department` int(11) NOT NULL,
  `jab_created` datetime NOT NULL
) ENGINE=InnoDB DEFAULT CHARSET=latin1;

--
-- Dumping data untuk tabel `jenis_jabatan`
--

INSERT INTO `jenis_jabatan` (`jab_id`, `jab_nama`, `jab_kode`, `jab_atasan`, `jab_department`, `jab_created`) VALUES
(1, 'Programer Junior', 'PJ', 'Programer Junior', 1, '2018-03-09 07:53:03'),
(2, 'General Manager', 'GM', 'General Manager', 3, '2018-03-09 08:29:41');

-- --------------------------------------------------------

--
-- Struktur dari tabel `jenis_pendidikan`
--

CREATE TABLE `jenis_pendidikan` (
  `jpen_id` int(11) NOT NULL,
  `jpen_tingkat` varchar(50) NOT NULL,
  `jpen_urutan` int(11) NOT NULL,
  `jpen_created` datetime NOT NULL
) ENGINE=InnoDB DEFAULT CHARSET=latin1;

--
-- Dumping data untuk tabel `jenis_pendidikan`
--

INSERT INTO `jenis_pendidikan` (`jpen_id`, `jpen_tingkat`, `jpen_urutan`, `jpen_created`) VALUES
(1, 'SD (Sekolah Dasar)', 0, '2018-03-08 10:01:47'),
(2, 'SMP', 0, '2018-03-08 09:48:29'),
(3, 'SMA/SMK/SLTA/STM', 0, '2018-03-08 09:48:47'),
(5, 'D1', 0, '2018-03-08 09:49:02'),
(6, 'D2', 0, '2018-03-08 09:49:07'),
(7, 'D3', 0, '2018-03-08 09:49:12'),
(8, 'D4', 0, '2018-03-08 09:49:18'),
(9, 'S1', 0, '2018-03-08 09:49:23'),
(10, 'S2', 0, '2018-03-08 09:49:27'),
(12, 'S3', 0, '2018-03-08 10:05:10');

-- --------------------------------------------------------

--
-- Struktur dari tabel `kal_libur`
--

CREATE TABLE `kal_libur` (
  `kl_id` int(11) NOT NULL,
  `kl_title` varchar(100) NOT NULL,
  `kl_tgl_start` date NOT NULL,
  `kl_tgl_end` date NOT NULL,
  `kl_created` datetime NOT NULL
) ENGINE=InnoDB DEFAULT CHARSET=latin1;

--
-- Dumping data untuk tabel `kal_libur`
--

INSERT INTO `kal_libur` (`kl_id`, `kl_title`, `kl_tgl_start`, `kl_tgl_end`, `kl_created`) VALUES
(1, 'MAULID NABI MUHAMMAD S.A.W ( 12 RABUILAWAL 1440 H)', '2018-11-20', '2018-11-20', '2018-03-10 03:42:17'),
(2, 'TAHUN BARU HIJRIAH ( 1 MUHARRAM 1440 H )', '2018-09-11', '2018-03-11', '2018-03-10 03:23:00');

-- --------------------------------------------------------

--
-- Struktur dari tabel `keluarga`
--

CREATE TABLE `keluarga` (
  `kel_id` int(11) NOT NULL,
  `kel_nama` varchar(50) NOT NULL,
  `kel_created` datetime NOT NULL
) ENGINE=InnoDB DEFAULT CHARSET=latin1;

--
-- Dumping data untuk tabel `keluarga`
--

INSERT INTO `keluarga` (`kel_id`, `kel_nama`, `kel_created`) VALUES
(1, 'Bapak Kandung', '2018-03-09 09:25:14'),
(2, 'Kenaikan Pangkat Berkala', '2018-03-09 09:51:27'),
(3, 'Kakak Kandung', '2018-03-09 09:08:52'),
(5, 'Adik Kandung', '2018-03-09 09:27:22');

-- --------------------------------------------------------

--
-- Struktur dari tabel `kenaikan_pangkat`
--

CREATE TABLE `kenaikan_pangkat` (
  `kp_id` int(11) NOT NULL,
  `kp_nama` varchar(50) NOT NULL,
  `kp_created` datetime NOT NULL
) ENGINE=InnoDB DEFAULT CHARSET=latin1;

--
-- Dumping data untuk tabel `kenaikan_pangkat`
--

INSERT INTO `kenaikan_pangkat` (`kp_id`, `kp_nama`, `kp_created`) VALUES
(1, 'Kenaikan Pangkat Reguler', '2018-03-09 09:48:31'),
(2, 'Kenaikan Pangkat Berkala', '2018-03-09 09:53:02');

-- --------------------------------------------------------

--
-- Struktur dari tabel `lembur`
--

CREATE TABLE `lembur` (
  `lem_id` int(11) NOT NULL,
  `lem_user_id` int(11) NOT NULL,
  `lem_tujuan` varchar(100) NOT NULL,
  `lem_tgl_lembur` date NOT NULL,
  `lem_time_start` time NOT NULL,
  `lem_time_end` time NOT NULL,
  `lem_keterangan` text NOT NULL,
  `lem_valid` varchar(50) NOT NULL,
  `lem_created` datetime NOT NULL
) ENGINE=InnoDB DEFAULT CHARSET=latin1;

--
-- Dumping data untuk tabel `lembur`
--

INSERT INTO `lembur` (`lem_id`, `lem_user_id`, `lem_tujuan`, `lem_tgl_lembur`, `lem_time_start`, `lem_time_end`, `lem_keterangan`, `lem_valid`, `lem_created`) VALUES
(1, 50, 'Semua', '2018-03-02', '18:00:00', '20:00:00', 'ghcjj', 'Pending', '2018-03-05 08:41:12'),
(2, 51, 'DEPARTMENT CREATIVE', '2018-03-02', '18:00:00', '21:00:00', 'tes lagi', 'Pending', '2018-03-05 08:40:42'),
(3, 51, 'Individu', '2018-03-05', '19:00:00', '22:00:00', 'masih bekerja', 'pending', '2018-03-01 06:27:53'),
(4, 53, 'Individu', '2018-04-09', '17:00:00', '19:00:00', 'masih libur', 'Pending', '2018-03-01 06:38:17'),
(5, 50, 'Individu', '2018-03-05', '18:00:00', '22:00:00', 'lembur', 'Disetujui', '2018-03-05 07:04:54'),
(6, 51, 'Individu', '2018-03-05', '19:00:00', '22:00:00', 'masih bekerja satu minggu', 'Pending', '2018-03-05 08:29:38'),
(7, 51, 'DEPARTMENT CREATIVE', '2018-03-02', '18:00:00', '21:00:00', 'tes lagi', 'Pending', '2018-03-05 08:37:03'),
(8, 51, 'DEPARTMENT CREATIVE', '2018-03-02', '18:00:00', '21:00:00', 'tes lagi', 'Pending', '2018-03-05 08:38:03');

-- --------------------------------------------------------

--
-- Struktur dari tabel `menu`
--

CREATE TABLE `menu` (
  `m_id` int(11) NOT NULL,
  `m_menu` varchar(50) NOT NULL,
  `m_icon` varchar(50) NOT NULL,
  `m_link` varchar(100) NOT NULL,
  `m_urutan` int(11) NOT NULL,
  `m_date` datetime NOT NULL
) ENGINE=InnoDB DEFAULT CHARSET=latin1;

--
-- Dumping data untuk tabel `menu`
--

INSERT INTO `menu` (`m_id`, `m_menu`, `m_icon`, `m_link`, `m_urutan`, `m_date`) VALUES
(1, 'Dashboard', 'icon-screen2', 'home', 1, '2018-02-08 07:16:35'),
(2, 'Zona Anda', 'icon-profile', 'home', 2, '0000-00-00 00:00:00'),
(3, 'Department Creative', 'icon-lamp', 'home', 3, '0000-00-00 00:00:00'),
(6, 'Department Administrasi', 'icon-archive', 'home', 4, '0000-00-00 00:00:00'),
(7, 'Department Kepegawaian', 'icon-vcard', 'home', 5, '0000-00-00 00:00:00'),
(8, 'Department Keuangan', 'icon-coin', 'home', 6, '0000-00-00 00:00:00'),
(9, 'Department Marketing', 'icon-target', 'home', 7, '0000-00-00 00:00:00'),
(10, 'Project Management', 'icon-steps', 'home', 9, '0000-00-00 00:00:00'),
(11, 'SMS Gateway', 'icon-mobile2', 'home', 10, '0000-00-00 00:00:00'),
(12, 'Berita dan Agenda', 'icon-file6', 'home', 11, '0000-00-00 00:00:00'),
(13, 'Master Data', 'icon-stackoverflow', 'home', 12, '0000-00-00 00:00:00'),
(14, 'Pengaturan Aplikasi', 'icon-settings', 'home', 14, '0000-00-00 00:00:00'),
(15, 'Ubah Password', 'icon-lock', 'home', 15, '0000-00-00 00:00:00'),
(16, 'Bantuan', 'icon-support', 'home', 16, '0000-00-00 00:00:00'),
(17, 'Logout / Keluar Aplikasi', 'icon-enter2', 'logout', 17, '0000-00-00 00:00:00'),
(19, 'Menejemen User', 'icon-users', 'home', 13, '0000-00-00 00:00:00');

-- --------------------------------------------------------

--
-- Struktur dari tabel `migrations`
--

CREATE TABLE `migrations` (
  `id` int(10) UNSIGNED NOT NULL,
  `migration` varchar(255) COLLATE utf8mb4_unicode_ci NOT NULL,
  `batch` int(11) NOT NULL
) ENGINE=InnoDB DEFAULT CHARSET=utf8mb4 COLLATE=utf8mb4_unicode_ci;

--
-- Dumping data untuk tabel `migrations`
--

INSERT INTO `migrations` (`id`, `migration`, `batch`) VALUES
(1, '2014_10_12_000000_create_users_table', 1),
(2, '2014_10_12_100000_create_password_resets_table', 1);

-- --------------------------------------------------------

--
-- Struktur dari tabel `modlink`
--

CREATE TABLE `modlink` (
  `mol_id` int(11) NOT NULL,
  `mol_mod_id` int(11) NOT NULL,
  `mol_nama` varchar(100) NOT NULL,
  `mol_link` varchar(50) NOT NULL,
  `mol_date` datetime NOT NULL
) ENGINE=InnoDB DEFAULT CHARSET=latin1;

--
-- Dumping data untuk tabel `modlink`
--

INSERT INTO `modlink` (`mol_id`, `mol_mod_id`, `mol_nama`, `mol_link`, `mol_date`) VALUES
(1, 1, 'Tampil Data Pegawai', 'pegawai.index', '2018-02-08 05:51:32'),
(2, 3, 'Tampilan Utama', 'home', '2018-02-08 05:52:33'),
(3, 1, 'Tambah Data Pegawai', 'pegawai.tambah', '2018-02-08 05:51:32'),
(24, 18, 'tes', 'tes', '2018-02-15 02:07:21'),
(25, 18, 'tes', 'tes', '2018-02-15 02:07:49'),
(26, 18, 'tes', 'tes', '2018-02-15 02:08:25');

-- --------------------------------------------------------

--
-- Struktur dari tabel `modul`
--

CREATE TABLE `modul` (
  `mod_id` int(11) NOT NULL,
  `mod_label` varchar(50) NOT NULL,
  `mod_alias` varchar(50) NOT NULL,
  `mod_date` datetime NOT NULL
) ENGINE=InnoDB DEFAULT CHARSET=latin1;

--
-- Dumping data untuk tabel `modul`
--

INSERT INTO `modul` (`mod_id`, `mod_label`, `mod_alias`, `mod_date`) VALUES
(1, 'Data Pegawai Tetap', 'pegawai.index', '2018-02-08 05:51:32'),
(2, 'Data Pegawai Sementara', 'pegawai.kontrak', '2018-02-06 00:00:00'),
(3, 'Dashboard', 'home', '2018-02-08 05:52:33'),
(4, 'Data Calon Pegawai', 'calon.index', '2018-02-06 00:00:00'),
(5, 'User Group', 'setting.usergroup', '2018-02-07 00:00:00'),
(6, 'Profil Anda', 'pegawai.profile', '2018-02-07 00:00:00'),
(8, 'Seleksi Berkas Calon Pegawai', 'calon.seleksi', '2018-02-07 00:00:00'),
(9, 'Penilaian Calon Pegawai', 'calon.hasil', '2018-02-07 00:00:00'),
(10, 'Berita Perusahaan', 'berita', '2018-02-07 00:00:00'),
(11, 'Modul', 'setting.modul', '2018-02-07 00:00:00'),
(12, 'Hak Akses', 'setting.viewhakakses', '2018-02-07 00:00:00'),
(13, 'Menu', 'menu', '2018-02-07 00:00:00'),
(14, 'Submenu', 'submenu', '2018-02-07 00:00:00'),
(21, 'UID Absen Pegawai', 'absensi.viewuid', '0000-00-00 00:00:00'),
(22, 'Rekap Absensi Pegawai', 'absensi.rekap', '2018-02-17 00:00:00'),
(23, 'Setup Jam Kerja', 'jamkerja', '2018-02-22 02:28:19'),
(24, 'submenu1', 'submenu1', '0000-00-00 00:00:00'),
(25, 'Rekap Keluar Masuk Pegawai', 'absensi.inout_log', '2018-02-27 01:57:48'),
(26, 'Lembur Pegawai', 'absensi.lembur', '0000-00-00 00:00:00'),
(27, 'Data Departemen', 'departemen', '0000-00-00 00:00:00'),
(28, 'Jenis Ijin', 'jenisizin', '0000-00-00 00:00:00'),
(29, 'Permohonan Izin Pegawai', 'izin', '0000-00-00 00:00:00'),
(30, 'Data Agama', 'agama', '0000-00-00 00:00:00'),
(31, 'Jenis Diklat', 'diklat', '0000-00-00 00:00:00'),
(32, 'Jenis Pendidikan', 'jpendidikan', '0000-00-00 00:00:00'),
(33, 'Data Jabatan', 'jenisjabatan', '0000-00-00 00:00:00'),
(34, 'Data Keluarga', 'keluarga', '0000-00-00 00:00:00'),
(35, 'Jenis Kenaikan Jabatan', 'kenaikanpangkat', '0000-00-00 00:00:00'),
(36, 'Jenis Pengunduran Diri', 'resign', '0000-00-00 00:00:00'),
(37, 'Jenis Pensiun', 'pensiun', '0000-00-00 00:00:00'),
(38, 'Kalender Libur Perusahaan', 'kallibur', '0000-00-00 00:00:00'),
(39, 'Menejemen User', 'user', '0000-00-00 00:00:00');

-- --------------------------------------------------------

--
-- Struktur dari tabel `password_resets`
--

CREATE TABLE `password_resets` (
  `email` varchar(255) COLLATE utf8mb4_unicode_ci NOT NULL,
  `token` varchar(255) COLLATE utf8mb4_unicode_ci NOT NULL,
  `created_at` timestamp NULL DEFAULT NULL
) ENGINE=InnoDB DEFAULT CHARSET=utf8mb4 COLLATE=utf8mb4_unicode_ci;

-- --------------------------------------------------------

--
-- Struktur dari tabel `pelatihan`
--

CREATE TABLE `pelatihan` (
  `pelatihan_id` int(11) NOT NULL,
  `user_id` int(11) NOT NULL,
  `title` varchar(100) NOT NULL,
  `lokasi` text NOT NULL,
  `date_mulai` datetime NOT NULL,
  `date_selesai` datetime NOT NULL,
  `penyelenggara` varchar(50) NOT NULL,
  `no_sertifikat` varchar(100) NOT NULL,
  `tgl_sertifikat` date NOT NULL
) ENGINE=InnoDB DEFAULT CHARSET=latin1;

--
-- Dumping data untuk tabel `pelatihan`
--

INSERT INTO `pelatihan` (`pelatihan_id`, `user_id`, `title`, `lokasi`, `date_mulai`, `date_selesai`, `penyelenggara`, `no_sertifikat`, `tgl_sertifikat`) VALUES
(1, 24, 'pelatihan pembuatan design 3d dan 2d', 'jl. amirullah, hotel apa saja', '2018-01-24 00:00:00', '2018-01-26 00:00:00', 'Bekref', '', '0000-00-00'),
(5, 36, 'pelatihan pembuatan design 3d', 'jl. amirullah, hotel apa saja', '2018-01-23 00:00:00', '2018-01-26 00:00:00', 'Bekref', '', '0000-00-00'),
(6, 36, 'pelatihan pembuatan design 3d', 'jl. amirullah, hotel apa saja', '2018-01-23 00:00:00', '2018-01-26 00:00:00', 'Bekref', '', '0000-00-00'),
(7, 24, 'Web Designer Art', 'Makassar', '2018-01-23 00:00:00', '2018-01-27 00:00:00', 'ilugroup', '', '0000-00-00'),
(8, 38, 'tes tes', 'ts tes', '2018-01-24 00:00:00', '2018-01-26 00:00:00', 'MDV', '09780979', '2018-01-26'),
(9, 50, 'Makassar HackFest', 'Makassar', '2018-01-26 00:00:00', '2018-01-27 00:00:00', 'ilugroup', '9678965896', '2018-01-26');

-- --------------------------------------------------------

--
-- Struktur dari tabel `pendidikans`
--

CREATE TABLE `pendidikans` (
  `rpen_id` int(11) NOT NULL,
  `user_id` int(11) NOT NULL,
  `sekolah` varchar(100) NOT NULL,
  `kota` varchar(50) NOT NULL,
  `jurusan` varchar(50) NOT NULL,
  `no_ijazah` varchar(50) NOT NULL,
  `tingkat_pen` varchar(50) NOT NULL,
  `date_keluar` varchar(7) NOT NULL,
  `created_at` timestamp NULL DEFAULT NULL,
  `updated_at` timestamp NULL DEFAULT NULL
) ENGINE=InnoDB DEFAULT CHARSET=latin1;

--
-- Dumping data untuk tabel `pendidikans`
--

INSERT INTO `pendidikans` (`rpen_id`, `user_id`, `sekolah`, `kota`, `jurusan`, `no_ijazah`, `tingkat_pen`, `date_keluar`, `created_at`, `updated_at`) VALUES
(1, 24, 'SMA NASIONAL MAKASSAR', 'MAKASSAR', '', '', 'SMA', '2018-01', NULL, NULL),
(4, 24, 'UIN Alauddin Makassar', 'makassar', '', '', 'S1', '2017', '2018-01-22 19:49:10', '2018-01-22 19:49:10'),
(5, 38, 'UIN Alauddin Makassar', 'Makassar', '', '', 'S1', '2017', '2018-01-25 16:22:54', '2018-01-25 16:22:54'),
(8, 38, 'UNM', 'makassarji', 'Design Komunikasi Visual', '23-5408298235-2', 'SMA Swasta', '2017', '2018-01-25 19:44:38', '2018-01-25 19:44:38'),
(9, 50, 'UNM', 'makassar', 'Design Komunikasi Visual', '23-5408298235-2', 'S1', '2017', '2018-01-25 19:51:21', '2018-01-25 19:51:21'),
(10, 52, 'UNM', 'Makassar', 'Design Komunikasi Visual', '23-5408298235-2', 'S1', '2015', '2018-01-28 17:06:07', '2018-01-28 17:06:07'),
(11, 50, 'UIN Alauddin Makassar', 'Makassar', 'Sistem Informasi', '23-5408298235-2', 'S1', '2018-01', '2018-01-28 17:16:26', '2018-01-28 17:16:26');

-- --------------------------------------------------------

--
-- Struktur dari tabel `pengalaman`
--

CREATE TABLE `pengalaman` (
  `pengalaman_id` int(11) NOT NULL,
  `user_id` int(11) NOT NULL,
  `nama_perusahaan` varchar(100) NOT NULL,
  `jabatan` varchar(50) NOT NULL,
  `unit_kerja` varchar(50) NOT NULL,
  `no_sk` varchar(100) NOT NULL,
  `tgl_sk` date NOT NULL
) ENGINE=InnoDB DEFAULT CHARSET=latin1;

--
-- Dumping data untuk tabel `pengalaman`
--

INSERT INTO `pengalaman` (`pengalaman_id`, `user_id`, `nama_perusahaan`, `jabatan`, `unit_kerja`, `no_sk`, `tgl_sk`) VALUES
(1, 6, 'pt pindat', 'operator', '', '', '0000-00-00'),
(5, 24, 'PT. Telkmsel', 'Admin', '', '', '0000-00-00'),
(6, 24, 'PT. Abu TOurs', 'Programer Junior', '', '', '0000-00-00'),
(8, 38, 'pt pindat', 'Programer Junior', 'Design', '8785588', '2018-01-19'),
(11, 50, 'PT. Abu TOurs', 'Junior Programing Web', 'Web', '98667464', '2018-01-19');

-- --------------------------------------------------------

--
-- Struktur dari tabel `pengaturan`
--

CREATE TABLE `pengaturan` (
  `id` int(10) NOT NULL,
  `ip` varchar(20) NOT NULL,
  `password` varchar(100) NOT NULL,
  `nama_mesin` varchar(100) DEFAULT NULL
) ENGINE=InnoDB DEFAULT CHARSET=latin1;

--
-- Dumping data untuk tabel `pengaturan`
--

INSERT INTO `pengaturan` (`id`, `ip`, `password`, `nama_mesin`) VALUES
(1, '192.168.1.201', '0', 'X-100-C');

-- --------------------------------------------------------

--
-- Struktur dari tabel `pengunduran_diri`
--

CREATE TABLE `pengunduran_diri` (
  `pd_id` int(11) NOT NULL,
  `pd_nama` varchar(50) NOT NULL,
  `pd_created` datetime NOT NULL
) ENGINE=InnoDB DEFAULT CHARSET=latin1;

--
-- Dumping data untuk tabel `pengunduran_diri`
--

INSERT INTO `pengunduran_diri` (`pd_id`, `pd_nama`, `pd_created`) VALUES
(1, 'Dipecat', '2018-03-10 01:56:21'),
(2, 'Mengundurkan Diri', '2018-03-10 01:22:52');

-- --------------------------------------------------------

--
-- Struktur dari tabel `pensiun`
--

CREATE TABLE `pensiun` (
  `pensiun_id` int(11) NOT NULL,
  `pensiun_nama` varchar(50) NOT NULL,
  `pensiun_created` datetime NOT NULL
) ENGINE=InnoDB DEFAULT CHARSET=latin1;

--
-- Dumping data untuk tabel `pensiun`
--

INSERT INTO `pensiun` (`pensiun_id`, `pensiun_nama`, `pensiun_created`) VALUES
(1, 'Pensiun', '2018-03-10 01:56:02'),
(2, 'Pensiun Dini', '2018-03-10 01:53:03');

-- --------------------------------------------------------

--
-- Struktur dari tabel `posisi`
--

CREATE TABLE `posisi` (
  `pos_id` int(11) NOT NULL,
  `user_id` int(11) NOT NULL,
  `pos_department` varchar(50) NOT NULL,
  `pos_jabatan` varchar(59) NOT NULL,
  `pos_tipe` varchar(20) NOT NULL,
  `pos_mulaikerja` date NOT NULL,
  `pos_cabang` varchar(50) NOT NULL,
  `pos_date_update` date NOT NULL
) ENGINE=InnoDB DEFAULT CHARSET=latin1;

--
-- Dumping data untuk tabel `posisi`
--

INSERT INTO `posisi` (`pos_id`, `user_id`, `pos_department`, `pos_jabatan`, `pos_tipe`, `pos_mulaikerja`, `pos_cabang`, `pos_date_update`) VALUES
(1, 1, '50', 'Junior Programing Web', 'Bulanan', '2018-01-15', 'PT. ILUGROUP MULTIMEDIA', '2018-01-26'),
(7, 38, 'apatong', 'web programer', 'Bulanan', '2018-01-20', 'Ilugroup multimedia', '2018-01-26'),
(8, 38, 'teknisi', 'leader', 'Tetap', '2018-01-25', 'Ilugroup multimedia', '2018-01-27'),
(10, 51, 'DEPARTMENT CREATIVE', 'Backend Web Programer', 'Bulanan', '2018-01-15', 'Ilugroup multimedia', '2018-01-27'),
(11, 50, 'DEPARTMENT PRODUKSI', 'Backend Web Programer', 'Bulanan', '2018-01-15', 'Ilugroup multimedia', '2018-01-29'),
(12, 52, 'DEPARTMENT CREATIVE', 'Frontend Web', 'Bulanan', '2018-01-17', 'Ilugroup multimedia', '2018-01-29');

-- --------------------------------------------------------

--
-- Struktur dari tabel `reward`
--

CREATE TABLE `reward` (
  `rew_id` int(11) NOT NULL,
  `rew_user_id` int(11) NOT NULL,
  `rew_title` varchar(50) NOT NULL,
  `rew_nosk` varchar(50) NOT NULL,
  `rew_tgl_keputusan` date NOT NULL,
  `rew_nama_pemberi` varchar(50) NOT NULL,
  `rew_update` date NOT NULL
) ENGINE=InnoDB DEFAULT CHARSET=latin1;

--
-- Dumping data untuk tabel `reward`
--

INSERT INTO `reward` (`rew_id`, `rew_user_id`, `rew_title`, `rew_nosk`, `rew_tgl_keputusan`, `rew_nama_pemberi`, `rew_update`) VALUES
(3, 50, 'Makassar HackFest', '4367373', '2018-01-25', 'accang', '2018-01-27');

-- --------------------------------------------------------

--
-- Struktur dari tabel `skills`
--

CREATE TABLE `skills` (
  `skill_id` int(11) NOT NULL,
  `user_id` int(11) NOT NULL,
  `skill` varchar(100) NOT NULL,
  `deskripsi` text NOT NULL,
  `updated_at` datetime NOT NULL,
  `created_at` datetime NOT NULL
) ENGINE=InnoDB DEFAULT CHARSET=latin1;

--
-- Dumping data untuk tabel `skills`
--

INSERT INTO `skills` (`skill_id`, `user_id`, `skill`, `deskripsi`, `updated_at`, `created_at`) VALUES
(5, 6, 'web', 'webing', '2018-01-22 07:05:10', '2018-01-22 07:05:10'),
(6, 6, 'design', 'desing art frontend', '2018-01-22 07:05:21', '2018-01-22 07:05:21'),
(8, 6, 'web', 'webinbg', '2018-01-22 07:05:10', '2018-01-22 07:05:10'),
(11, 6, 'web', 'webing', '2018-01-22 07:05:10', '2018-01-22 07:05:10'),
(12, 6, 'design', 'desing art frontend', '2018-01-22 07:05:21', '2018-01-22 07:05:21'),
(13, 6, 'web', 'webinbg', '2018-01-22 07:05:10', '2018-01-22 07:05:10'),
(14, 24, 'arsitek jaringan', 'pengatur tataletak pembagian jaringan komputasi', '2018-01-24 00:58:56', '2018-01-24 00:58:56'),
(16, 35, 'desing art frontend', 'desing art frontend', '2018-01-24 03:35:16', '2018-01-24 03:35:16'),
(17, 35, 'desing art frontend', 'desing art frontend', '2018-01-24 03:36:48', '2018-01-24 03:36:48'),
(18, 50, 'web developer', 'laravel php', '2018-01-26 00:22:22', '2018-01-26 00:22:22');

-- --------------------------------------------------------

--
-- Struktur dari tabel `status`
--

CREATE TABLE `status` (
  `status_id` int(11) NOT NULL,
  `user_id` int(11) NOT NULL,
  `status` varchar(20) NOT NULL,
  `date_input` int(11) NOT NULL
) ENGINE=InnoDB DEFAULT CHARSET=latin1;

-- --------------------------------------------------------

--
-- Struktur dari tabel `submenu`
--

CREATE TABLE `submenu` (
  `sub_id` int(11) NOT NULL,
  `sub_m_id` int(11) NOT NULL,
  `sub_label` varchar(100) NOT NULL,
  `sub_link` varchar(100) NOT NULL,
  `sub_date` datetime NOT NULL
) ENGINE=InnoDB DEFAULT CHARSET=latin1;

--
-- Dumping data untuk tabel `submenu`
--

INSERT INTO `submenu` (`sub_id`, `sub_m_id`, `sub_label`, `sub_link`, `sub_date`) VALUES
(1, 2, 'Profil Anda', 'pegawai.profile', '2018-02-03 00:00:00'),
(2, 2, 'Data Kinerja', 'home', '0000-00-00 00:00:00'),
(3, 2, 'Absensi Anda', 'home', '2018-02-03 00:00:00'),
(4, 2, 'Penghasilan', 'home', '2018-02-03 00:00:00'),
(5, 2, 'File Anda', 'home', '2018-02-03 00:00:00'),
(6, 2, 'Disposisi Surat', 'home', '2018-02-03 00:00:00'),
(7, 2, 'Perjalanan DInas', 'home', '2018-02-05 03:33:05'),
(8, 2, 'Berita', 'home', '2018-02-04 00:00:00'),
(9, 2, 'Agenda', 'home', '2018-02-03 00:00:00'),
(11, 14, 'Manajemen User', 'home', '2018-02-03 00:00:00'),
(12, 14, 'Cabang Perusahaan', 'home', '2018-02-04 00:00:00'),
(13, 14, 'Kop Surat', 'home', '2018-02-04 00:00:00'),
(14, 14, 'Modul', 'setting.modul', '2018-02-05 08:16:30'),
(15, 14, 'Menu', 'menu', '2018-02-04 00:00:00'),
(16, 14, 'SubMenu', 'submenu', '2018-02-04 00:00:00'),
(17, 14, 'Hak Akses', 'setting.viewhakakses', '2018-02-05 09:02:17'),
(18, 14, 'Login Page', 'home', '2018-02-04 00:00:00'),
(20, 3, 'Penilaian Kinerja Pegawai', 'home', '2018-02-05 03:03:07'),
(21, 3, 'Manajemen Tasking', 'home', '2018-02-05 03:04:21'),
(22, 3, 'Manajemen Persuratan', 'home', '2018-02-05 03:04:47'),
(23, 3, 'Ticket Support', 'home', '2018-02-05 03:05:22'),
(24, 3, 'File Management', 'home', '2018-02-05 03:06:43'),
(25, 3, 'Request Order', 'home', '2018-02-05 03:07:01'),
(26, 3, 'Asset Management', 'home', '2018-02-05 03:07:22'),
(28, 3, 'Pengaturan', 'home', '2018-02-05 03:37:51'),
(29, 4, 'Penilaian Kinerja Pegawai', 'home', '2018-02-05 03:43:12'),
(31, 4, 'Manajemen Tasking', 'home', '2018-02-20 00:00:00'),
(32, 4, 'Manajemen Persuratan', 'home', '2018-02-12 00:00:00'),
(33, 4, 'Ticket Support', 'home', '2018-02-06 00:00:00'),
(34, 4, 'File Management', 'home', '2018-02-14 00:00:00'),
(35, 4, 'Request Order', 'home', '2018-02-13 00:00:00'),
(36, 4, 'Asset Management', 'home', '2018-02-12 00:00:00'),
(37, 4, 'Pengaturan', 'home', '2018-02-21 00:00:00'),
(45, 6, 'Administrasi Project', 'home', '2018-02-05 03:49:36'),
(46, 6, 'Manajemen Tasking', 'home', '2018-02-05 03:49:52'),
(47, 6, 'Arsip dan Persuratan', 'home', '2018-02-05 03:50:20'),
(48, 6, 'Dokumen', 'home', '2018-02-05 03:50:35'),
(50, 6, 'Ticket Support', 'home', '2018-02-05 03:51:38'),
(51, 6, 'Request Order', 'home', '2018-02-05 03:51:58'),
(52, 6, 'Asset Management', 'home', '2018-02-05 03:52:17'),
(53, 6, 'Pengaturan', 'home', '2018-02-05 03:52:40'),
(54, 7, 'Manajemen Kepegawaian', 'home', '2018-02-05 03:53:07'),
(55, 7, 'Penilaian Kinerja Pegawai', 'home', '2018-02-05 03:53:44'),
(56, 7, 'Penerimaan Pegawai', 'home', '2018-02-05 03:54:04'),
(57, 7, 'Manajemen Absensi', 'home', '2018-02-05 03:54:35'),
(58, 7, 'Laporan Absensi', 'home', '2018-02-05 03:54:59'),
(59, 7, 'Administrasi Kepegawaian', 'home', '2018-02-05 03:55:29'),
(60, 7, 'File Management', 'home', '2018-02-05 03:55:53'),
(61, 7, 'Ticket Support', 'home', '2018-02-05 03:56:15'),
(62, 7, 'Request Order', 'home', '2018-02-05 03:56:32'),
(63, 7, 'Asset Management', 'home', '2018-02-05 03:57:30'),
(64, 7, 'Pengaturan', 'home', '2018-02-05 03:57:44'),
(65, 8, 'Notifikasi Keuangan', 'home', '2018-02-05 03:58:20'),
(66, 8, 'Manajemen Kas', 'home', '2018-02-05 03:58:44'),
(67, 8, 'Penggajian', 'home', '2018-02-05 03:59:02'),
(68, 8, 'Laporan Pajak', 'home', '2018-02-05 03:59:20'),
(69, 8, 'Penjualan', 'home', '2018-02-05 04:00:05'),
(70, 8, 'Pembelian', 'home', '2018-02-05 04:00:20'),
(71, 8, 'Pengiriman Barang', 'home', '2018-02-05 04:01:19'),
(72, 8, 'Buku Besar', 'home', '2018-02-05 04:01:38'),
(73, 8, 'Tutup Buku', 'home', '2018-02-05 04:01:56'),
(74, 8, 'Laporan', 'home', '2018-02-05 04:02:16'),
(75, 8, 'Request Order', 'home', '2018-02-05 04:02:35'),
(76, 8, 'Purchase Order', 'home', '2018-02-05 04:04:21'),
(77, 8, 'Penilaian Kinerja Pegawai', 'home', '2018-02-05 04:04:39'),
(79, 8, 'Manajemen Tasking', 'home', '2018-02-05 04:05:12'),
(80, 8, 'Manajemen Persuratan', 'home', '2018-02-05 04:06:06'),
(81, 8, 'Ticket Support', 'home', '2018-02-05 04:07:48'),
(83, 8, 'Asset Management', 'home', '2018-02-05 04:11:02'),
(84, 8, 'Pengaturan', 'home', '2018-02-05 04:12:03'),
(85, 10, 'Data Project', 'home', '2018-02-05 04:13:33'),
(86, 12, 'Berita Perusahaan', 'berita', '2018-02-05 04:13:57'),
(87, 12, 'Agenda Perusahaan', 'home', '2018-02-05 04:14:17'),
(88, 14, 'Submenu1', 'submenu1', '2018-02-05 04:59:06'),
(89, 14, 'User Group', 'setting.usergroup', '2018-02-05 07:03:09'),
(90, 5, 'Penilaian Kinerja Pegawai', 'home', '0000-00-00 00:00:00'),
(91, 5, 'Manajemen Tasking', 'home', '0000-00-00 00:00:00'),
(92, 5, 'Ticket Support', 'home', '0000-00-00 00:00:00'),
(93, 5, 'File Management', 'home', '0000-00-00 00:00:00'),
(94, 5, 'Request Order', 'home', '0000-00-00 00:00:00'),
(95, 5, 'Asset Management', 'home', '0000-00-00 00:00:00'),
(96, 5, 'Pengaturan', 'home', '0000-00-00 00:00:00'),
(97, 13, 'Master Data Creative', 'home', '0000-00-00 00:00:00'),
(98, 13, 'Master Data Administrasi', 'home', '0000-00-00 00:00:00'),
(99, 13, 'Master Data Kepegawaian', 'home', '0000-00-00 00:00:00'),
(100, 13, 'Master Data Keuangan', 'home', '0000-00-00 00:00:00'),
(101, 13, 'Master Data Marketing', 'home', '0000-00-00 00:00:00');

-- --------------------------------------------------------

--
-- Struktur dari tabel `submenu1`
--

CREATE TABLE `submenu1` (
  `sub1_id` int(11) NOT NULL,
  `sub1_sub_id` int(11) NOT NULL,
  `sub1_label` varchar(256) NOT NULL,
  `sub1_link` varchar(256) NOT NULL,
  `sub1_date` datetime NOT NULL
) ENGINE=InnoDB DEFAULT CHARSET=latin1;

--
-- Dumping data untuk tabel `submenu1`
--

INSERT INTO `submenu1` (`sub1_id`, `sub1_sub_id`, `sub1_label`, `sub1_link`, `sub1_date`) VALUES
(1, 2, 'Tasking Anda', 'home', '2018-02-03 00:00:00'),
(2, 2, 'History Teguran', 'home', '2018-02-03 00:00:00'),
(3, 2, 'Reward Anda', 'home', '2018-02-03 00:00:00'),
(4, 3, 'Rekap Absensi', 'home', '2018-02-03 00:00:00'),
(5, 3, 'Rekap Lembur', 'home', '2018-02-03 00:00:00'),
(6, 3, 'Form Pengajuan', 'home', '2018-02-04 00:00:00'),
(7, 3, 'Statistik Absensi', 'home', '2018-02-04 00:00:00'),
(8, 8, 'Berita Perusahaan', 'home', '2018-02-04 00:00:00'),
(9, 8, 'Berita Department', 'home', '2018-02-04 00:00:00'),
(10, 9, 'Agenda Perusahaan', 'home', '2018-02-04 00:00:00'),
(11, 9, 'Agenda Department', 'home', '2018-02-04 00:00:00'),
(13, 54, 'Data Pegawai Tetap', 'pegawai.index', '2018-02-05 05:51:07'),
(14, 54, 'Data Pegawai Sementara', 'pegawai.kontrak', '2018-02-06 06:15:42'),
(15, 54, 'Data Mutasi Pegawai', 'home', '2018-02-05 05:53:01'),
(16, 54, 'Data Mutasi Jabatan', 'home', '2018-02-05 05:55:21'),
(17, 54, 'Data Promosi Pegawai Tetap', 'home', '2018-02-05 05:56:43'),
(18, 54, 'Data Promosi Kenaikan Jabatan', 'home', '2018-02-05 05:57:35'),
(19, 54, 'Data Pensiun', 'home', '2018-02-05 05:58:15'),
(20, 54, 'Data Resign', 'home', '2018-02-05 05:58:39'),
(21, 54, 'Statistik Pegawai', 'home', '2018-02-05 05:59:00'),
(22, 55, 'Kinerja Pegawai Tetap', 'home', '2018-02-05 06:14:20'),
(23, 56, 'Data Calon Pegawai', 'home', '2018-02-06 06:16:14'),
(24, 56, 'Seleksi Berkas Calon Pegawai', 'calon.seleksi', '2018-02-06 06:16:35'),
(25, 56, 'Penilaian Calon Pegawai', 'calon.hasil', '2018-02-06 06:16:58'),
(26, 20, 'Kinerja Pegawai Tetap', 'home', '2018-02-10 05:26:27'),
(27, 20, 'Kinerja Pegawai Sementara', 'home', '2018-02-10 05:27:05'),
(28, 21, 'Tasking Pegawai', 'home', '2018-02-10 05:27:27'),
(29, 21, 'Tasking Deadline', 'home', '2018-02-10 05:28:08'),
(30, 21, 'Tasking Monitoring', 'home', '2018-02-10 05:28:52'),
(31, 22, 'Nota DInas', 'home', '2018-02-10 05:29:42'),
(32, 22, 'Surat Masuk', 'home', '2018-02-10 05:30:09'),
(33, 22, 'Surat Keluar', 'home', '2018-02-10 05:30:33'),
(34, 22, 'Disposisi Surat', 'home', '2018-02-10 05:30:56'),
(35, 23, 'Kirim Ticket', 'home', '2018-02-10 05:31:24'),
(36, 23, 'Data Ticket Masuk', 'home', '2018-02-10 05:31:47'),
(37, 23, 'Data Ticket Keluar', 'home', '2018-02-10 05:32:08'),
(38, 26, 'Data Asset', 'home', '2018-02-10 05:32:39'),
(39, 26, 'Asset Masuk', 'home', '2018-02-10 05:33:01'),
(40, 26, 'Asset Keluar', 'home', '2018-02-10 05:33:21'),
(41, 26, 'Mutasi Asset', 'home', '2018-02-10 05:37:52'),
(42, 28, 'Data Asset', 'home', '2018-02-10 05:38:13'),
(43, 28, 'Asset Masuk', 'home', '2018-02-10 05:38:36'),
(44, 28, 'Asset Keluar', 'home', '2018-02-10 05:38:57'),
(45, 28, 'Mutasi Asset', 'home', '2018-02-10 05:39:23'),
(46, 29, 'Kinerja Pegawai Tetap', 'home', '2018-02-10 05:39:50'),
(47, 29, 'Kinerja Pegawai Sementara', 'home', '2018-02-10 05:40:12'),
(48, 31, 'Tasking Pegawai', 'home', '2018-02-10 05:41:24'),
(49, 31, 'Tasking Deadline', 'home', '2018-02-10 05:41:49'),
(50, 31, 'Tasking Monitoring', 'home', '2018-02-10 05:42:19'),
(51, 32, 'Nota Dinas', 'home', '2018-02-10 05:43:10'),
(52, 32, 'Surat Masuk', 'home', '2018-02-10 05:43:43'),
(53, 32, 'Surat Keluar', 'home', '2018-02-10 05:44:12'),
(54, 32, 'Disposisi Surat', 'home', '2018-02-10 05:44:33'),
(55, 33, 'Kirim Ticket', 'home', '2018-02-10 05:44:59'),
(56, 33, 'Data Ticket Masuk', 'home', '2018-02-10 05:45:25'),
(57, 40, 'Data Ticket Keluar', 'home', '2018-02-10 05:45:49'),
(58, 33, 'Data Ticket Keluar', 'home', '2018-02-10 05:50:49'),
(59, 36, 'Data Asset', 'home', '2018-02-10 05:51:27'),
(60, 36, 'Asset Masuk', 'home', '2018-02-10 05:51:51'),
(61, 36, 'Asset Keluar', 'home', '2018-02-10 05:52:09'),
(62, 36, 'Mutasi Asset', 'home', '2018-02-10 05:52:38'),
(63, 36, 'Stok Opname', 'home', '2018-02-10 05:53:08'),
(64, 36, 'Service Asset', 'home', '2018-02-10 05:54:00'),
(65, 36, 'Kartu Service', 'home', '2018-02-10 05:54:26'),
(66, 37, 'Data Asset', 'home', '2018-02-10 05:55:27'),
(67, 37, 'Asset Masuk', 'home', '2018-02-10 05:55:57'),
(68, 37, 'Asset Keluar', 'home', '2018-02-10 05:56:28'),
(69, 90, 'Kinerja Pegawai Tetap', 'home', '0000-00-00 00:00:00'),
(70, 90, 'Kinerja Pegawai Sementara', 'home', '0000-00-00 00:00:00'),
(71, 91, 'Tasking Pegawai', 'home', '0000-00-00 00:00:00'),
(72, 91, 'Tasking Deadline', 'home', '0000-00-00 00:00:00'),
(73, 91, 'Tasking Monitoring', 'home', '0000-00-00 00:00:00'),
(74, 92, 'Kirim Ticket', 'home', '0000-00-00 00:00:00'),
(75, 92, 'Data Tickt Masuk', 'home', '0000-00-00 00:00:00'),
(76, 92, 'Data Ticket Keluar', 'home', '0000-00-00 00:00:00'),
(77, 95, 'Data Asset', 'home', '0000-00-00 00:00:00'),
(78, 95, 'Asset Masuk', 'home', '0000-00-00 00:00:00'),
(79, 95, 'Asset Keluar', 'home', '0000-00-00 00:00:00'),
(80, 95, 'Mutasi Asset', 'home', '0000-00-00 00:00:00'),
(81, 95, 'Stok Opname', 'home', '0000-00-00 00:00:00'),
(82, 95, 'Kartu Kontrol Asset', 'home', '0000-00-00 00:00:00'),
(83, 95, 'Service Asset', 'home', '0000-00-00 00:00:00'),
(84, 95, 'Kartu Service Asset', 'home', '0000-00-00 00:00:00'),
(85, 96, 'Data Asset', 'home', '0000-00-00 00:00:00'),
(86, 96, 'Asset Masuk', 'home', '0000-00-00 00:00:00'),
(87, 96, 'Asset Keluar', 'home', '0000-00-00 00:00:00'),
(88, 96, 'Mutasi Asset', 'home', '0000-00-00 00:00:00'),
(89, 96, 'Stok Opname', 'home', '0000-00-00 00:00:00'),
(90, 96, 'Kartu Kontrol Asset', 'home', '0000-00-00 00:00:00'),
(91, 96, 'Service Asset', 'home', '0000-00-00 00:00:00'),
(92, 96, 'Kartu Service Asset', '', '0000-00-00 00:00:00'),
(93, 46, 'Tasking Pegawai', 'home', '0000-00-00 00:00:00'),
(94, 46, 'Tasking Deadline', 'home', '0000-00-00 00:00:00'),
(95, 46, 'Tasking Monitoring', 'home', '0000-00-00 00:00:00'),
(96, 47, 'Nota Dinas', 'home', '0000-00-00 00:00:00'),
(97, 47, 'Arsip Berkas', 'home', '0000-00-00 00:00:00'),
(98, 47, 'Surat Masuk', 'home', '0000-00-00 00:00:00'),
(99, 47, 'Surat Keluar', 'home', '0000-00-00 00:00:00'),
(100, 47, 'Disposisi Surat', 'home', '0000-00-00 00:00:00'),
(101, 48, 'File Survey', 'home', '0000-00-00 00:00:00'),
(102, 48, 'Surat Masuk', 'home', '0000-00-00 00:00:00'),
(103, 48, 'Surat Keluar', 'home', '0000-00-00 00:00:00'),
(104, 48, 'Disposisi Surat', 'home', '0000-00-00 00:00:00'),
(105, 50, 'Kirim Ticket', 'home', '0000-00-00 00:00:00'),
(106, 50, 'Ticket Masuk', 'home', '0000-00-00 00:00:00'),
(107, 50, 'Ticket Keluar', 'home', '0000-00-00 00:00:00'),
(108, 52, 'Data Asset', 'home', '0000-00-00 00:00:00'),
(109, 52, 'Asset Masuk', 'home', '0000-00-00 00:00:00'),
(110, 52, 'Asset Keluar', 'home', '0000-00-00 00:00:00'),
(111, 52, 'Mutasi Asset', 'home', '0000-00-00 00:00:00'),
(112, 52, 'Stok Opname', 'home', '0000-00-00 00:00:00'),
(113, 52, 'Kartu Kontrol Asset', 'home', '0000-00-00 00:00:00'),
(114, 52, 'Service Asset', 'home', '0000-00-00 00:00:00'),
(115, 52, 'Kartu Service Asset', 'home', '0000-00-00 00:00:00'),
(116, 53, 'Data Asset', 'home', '0000-00-00 00:00:00'),
(117, 53, 'Asset Masuk', 'home', '0000-00-00 00:00:00'),
(118, 53, 'Asset Keluar', 'home', '0000-00-00 00:00:00'),
(119, 53, 'Mutasi Asset', 'home', '0000-00-00 00:00:00'),
(120, 53, 'Stok Opname', 'home', '0000-00-00 00:00:00'),
(121, 53, 'Kartu Kontrol Asset', 'home', '0000-00-00 00:00:00'),
(122, 53, 'Service Asset', 'home', '0000-00-00 00:00:00'),
(123, 53, 'Kartu Service Asset', 'home', '0000-00-00 00:00:00'),
(125, 55, 'Kinerja Pegawai Sementara', 'home', '0000-00-00 00:00:00'),
(126, 57, 'Perjalanan Dinas', 'home', '0000-00-00 00:00:00'),
(127, 57, 'Permohonan Izin Pegawai', 'home', '0000-00-00 00:00:00'),
(128, 57, 'Permohonan CUti Pegawai', 'home', '0000-00-00 00:00:00'),
(129, 57, 'Lembur Pegawai', 'home', '0000-00-00 00:00:00'),
(130, 57, 'Lupa Absen Pegawai', 'home', '0000-00-00 00:00:00'),
(131, 57, 'UID Absen Pegawai', 'home', '0000-00-00 00:00:00'),
(132, 58, 'Rekap ABsensi Pegawai', 'home', '0000-00-00 00:00:00'),
(133, 58, 'Rekap ABsensi Seluruh Pegawai', 'home', '0000-00-00 00:00:00'),
(134, 58, 'Statistik Lembur Pegawai', 'home', '0000-00-00 00:00:00'),
(135, 58, 'Statistik CUti Pegawai', 'home', '0000-00-00 00:00:00'),
(136, 59, 'Kontrak Pegawai', 'home', '0000-00-00 00:00:00'),
(137, 59, 'Penilaian RUtin Pegawai', 'home', '0000-00-00 00:00:00'),
(138, 59, 'Penilaian Tahunan Pegawai', 'home', '0000-00-00 00:00:00'),
(139, 59, 'Surat Peringatan Pegawai', 'home', '0000-00-00 00:00:00'),
(140, 59, 'Surat Keluar Pegawai', 'home', '0000-00-00 00:00:00'),
(141, 59, 'Disposisi Surat Kepegawaian', 'home', '0000-00-00 00:00:00'),
(142, 60, 'Arsip Kepegawaian', 'home', '0000-00-00 00:00:00'),
(143, 61, 'Kirim Ticket', 'home', '0000-00-00 00:00:00'),
(144, 61, 'Ticket Masuk', 'home', '0000-00-00 00:00:00'),
(145, 61, 'Ticket Keluar', 'home', '0000-00-00 00:00:00'),
(146, 63, 'Data Asset', 'home', '0000-00-00 00:00:00'),
(147, 63, 'Asset Masuk', 'home', '0000-00-00 00:00:00'),
(148, 63, 'Asset Keluar', 'home', '0000-00-00 00:00:00'),
(149, 63, 'Mutasi Asset', 'home', '0000-00-00 00:00:00'),
(150, 63, 'Stok Opname', 'home', '0000-00-00 00:00:00'),
(151, 63, 'Kartu Kontrol Asset', 'home', '0000-00-00 00:00:00'),
(152, 63, 'Service Asset', 'home', '0000-00-00 00:00:00'),
(153, 63, 'Kartu Service Asset', 'home', '0000-00-00 00:00:00'),
(154, 64, 'Data Agama', 'home', '2018-02-22 02:19:02'),
(155, 64, 'Data Departemen', 'home', '2018-02-22 02:20:07'),
(156, 64, 'Data Surat Departemen', 'home', '2018-02-22 02:20:54'),
(157, 64, 'Jenis Diklat', 'home', '2018-02-22 02:21:19'),
(158, 64, 'Jenis Pendidikan', 'home', '0000-00-00 00:00:00'),
(159, 64, 'Data Jabatan', 'home', '0000-00-00 00:00:00'),
(160, 64, 'Kalender Libur Perusahaan', 'home', '0000-00-00 00:00:00'),
(161, 64, 'Setup Jam Kerja', 'home', '0000-00-00 00:00:00'),
(162, 65, 'Pembiayaan Jatuh Tempo', 'home', '0000-00-00 00:00:00'),
(163, 66, 'Kas Masuk', 'home', '0000-00-00 00:00:00'),
(164, 66, 'Kas Keluar', 'home', '0000-00-00 00:00:00'),
(165, 66, 'Mutasi Kas', 'home', '0000-00-00 00:00:00'),
(166, 66, 'Mutasi Keuangan', 'home', '0000-00-00 00:00:00'),
(167, 67, 'Setup Gaji', 'home', '0000-00-00 00:00:00'),
(168, 67, 'Validasi Gaji', 'home', '0000-00-00 00:00:00'),
(169, 67, 'Data Gaji Pokok', 'home', '0000-00-00 00:00:00'),
(170, 67, 'Parameter Gaji', 'home', '0000-00-00 00:00:00'),
(171, 68, 'SPT Masa PPH 21', 'home', '0000-00-00 00:00:00'),
(172, 68, 'Bukti Laporan PPN', 'home', '0000-00-00 00:00:00'),
(173, 68, 'Bukti Laporan PPH', 'home', '0000-00-00 00:00:00'),
(174, 69, 'Penjualan Produk', 'home', '0000-00-00 00:00:00'),
(175, 69, 'Penerimaan Piutrang', 'home', '0000-00-00 00:00:00'),
(176, 69, 'Piutang Usaha', 'home', '0000-00-00 00:00:00'),
(177, 69, 'Invoice Penjualan', 'home', '0000-00-00 00:00:00'),
(178, 69, 'Penerimaan Kelebihan (Kredit)', 'home', '0000-00-00 00:00:00'),
(179, 70, 'Pembayaran Hutang', 'home', '0000-00-00 00:00:00'),
(180, 70, 'Hutang Usaha', 'home', '0000-00-00 00:00:00'),
(181, 70, 'History Pembelian', 'home', '0000-00-00 00:00:00'),
(182, 70, 'Penerimaan Kelebihan (Debit)', 'home', '0000-00-00 00:00:00'),
(183, 72, 'Data Buku Besar', 'home', '0000-00-00 00:00:00'),
(184, 72, 'Jurnal Umum', 'home', '0000-00-00 00:00:00'),
(185, 73, 'Akhir Bulan', 'home', '0000-00-00 00:00:00'),
(186, 73, 'Akhir Tahun', 'home', '0000-00-00 00:00:00'),
(187, 74, 'Arus Kas', 'home', '0000-00-00 00:00:00'),
(188, 74, 'Laba Rugi', 'home', '0000-00-00 00:00:00'),
(189, 74, 'Neraca Tahunan', 'home', '0000-00-00 00:00:00'),
(190, 74, 'Neraca Saldo', 'home', '0000-00-00 00:00:00'),
(191, 74, 'Jurnal Kas Masuk', 'home', '0000-00-00 00:00:00'),
(192, 74, 'Jurnal Kas Keluar', 'home', '0000-00-00 00:00:00'),
(193, 74, 'Jurnal Umum', 'home', '0000-00-00 00:00:00'),
(194, 75, 'Internal', 'home', '0000-00-00 00:00:00'),
(195, 75, 'Eksternal', 'home', '0000-00-00 00:00:00'),
(196, 76, 'Internal', 'home', '0000-00-00 00:00:00'),
(197, 76, 'Eksternal', 'home', '0000-00-00 00:00:00'),
(198, 77, 'Kinerja Pegawai Tetap', 'home', '0000-00-00 00:00:00'),
(199, 77, 'Kinerja Pegawai Sementara', 'home', '0000-00-00 00:00:00'),
(200, 79, 'Tasking Pegawai', 'home', '0000-00-00 00:00:00'),
(201, 79, 'Tasking Deadlne', 'home', '0000-00-00 00:00:00'),
(202, 79, 'Tasking Monitoring', 'home', '0000-00-00 00:00:00'),
(203, 80, 'Nota Dinas', 'home', '0000-00-00 00:00:00'),
(204, 80, 'Surat Masuk', 'home', '0000-00-00 00:00:00'),
(205, 80, 'Surat Keluar', 'home', '0000-00-00 00:00:00'),
(206, 80, 'Disposisi Surat', 'home', '0000-00-00 00:00:00'),
(207, 81, 'Kirim Ticket', 'home', '0000-00-00 00:00:00'),
(208, 81, 'Ticket Masuk', 'home', '0000-00-00 00:00:00'),
(209, 81, 'Ticket Keluar', 'home', '0000-00-00 00:00:00'),
(210, 83, 'Data Asset', 'home', '0000-00-00 00:00:00'),
(211, 83, 'Asset Masuk', 'home', '0000-00-00 00:00:00'),
(212, 83, 'Asset Keluar', 'home', '0000-00-00 00:00:00'),
(213, 83, 'Mutasi Asset', 'home', '0000-00-00 00:00:00'),
(214, 83, 'Stok Opname', 'home', '0000-00-00 00:00:00'),
(215, 83, 'Kartu Kontrol Asset', 'home', '0000-00-00 00:00:00'),
(216, 83, 'Service Asset', 'home', '0000-00-00 00:00:00'),
(217, 83, 'Kartu Service Asset', 'home', '0000-00-00 00:00:00'),
(218, 0, '', '', '0000-00-00 00:00:00'),
(219, 64, 'Setup Mesin', 'home', '0000-00-00 00:00:00'),
(220, 64, 'Jenis Ijin', 'home', '0000-00-00 00:00:00'),
(221, 64, 'Data Keluarga', 'home', '0000-00-00 00:00:00'),
(222, 64, 'Jenis Kenaikan Jabatan', 'home', '0000-00-00 00:00:00'),
(223, 64, 'Jenis Pengunduran Diri', 'home', '0000-00-00 00:00:00'),
(224, 58, 'Rekap Keluar Masuk Pegawai', 'absensi.inout_log', '2018-02-27 01:55:41'),
(225, 64, 'Jenis Pensiun', 'home', '2018-03-10 01:27:16');

-- --------------------------------------------------------

--
-- Struktur dari tabel `users`
--

CREATE TABLE `users` (
  `id` int(10) UNSIGNED NOT NULL,
  `username` varchar(50) COLLATE utf8mb4_unicode_ci NOT NULL,
  `name` varchar(255) COLLATE utf8mb4_unicode_ci NOT NULL,
  `nama_belakang` varchar(100) COLLATE utf8mb4_unicode_ci NOT NULL,
  `gelar_depan` varchar(20) COLLATE utf8mb4_unicode_ci NOT NULL,
  `gelar_belakang` varchar(20) COLLATE utf8mb4_unicode_ci NOT NULL,
  `tempat_lahir_provinsi` varchar(50) COLLATE utf8mb4_unicode_ci NOT NULL,
  `tempat_lahir_kota` varchar(50) COLLATE utf8mb4_unicode_ci NOT NULL,
  `tanggal_lahir` date NOT NULL,
  `alamat` text COLLATE utf8mb4_unicode_ci NOT NULL,
  `provinsi` varchar(50) COLLATE utf8mb4_unicode_ci NOT NULL,
  `kota` varchar(50) COLLATE utf8mb4_unicode_ci NOT NULL,
  `kode_pos` varchar(20) COLLATE utf8mb4_unicode_ci NOT NULL,
  `handphone` varchar(20) COLLATE utf8mb4_unicode_ci NOT NULL,
  `telephone` varchar(20) COLLATE utf8mb4_unicode_ci NOT NULL,
  `agama` varchar(10) COLLATE utf8mb4_unicode_ci NOT NULL,
  `email` varchar(255) COLLATE utf8mb4_unicode_ci NOT NULL,
  `photo` varchar(50) COLLATE utf8mb4_unicode_ci NOT NULL,
  `nik` varchar(30) COLLATE utf8mb4_unicode_ci NOT NULL,
  `department` varchar(30) COLLATE utf8mb4_unicode_ci NOT NULL,
  `jabatan` varchar(30) COLLATE utf8mb4_unicode_ci NOT NULL,
  `tanggal_kerja` date NOT NULL,
  `gender` varchar(15) COLLATE utf8mb4_unicode_ci NOT NULL,
  `status` varchar(10) COLLATE utf8mb4_unicode_ci NOT NULL,
  `password` varchar(255) COLLATE utf8mb4_unicode_ci NOT NULL,
  `hak_akses` varchar(50) COLLATE utf8mb4_unicode_ci NOT NULL,
  `remember_token` varchar(100) COLLATE utf8mb4_unicode_ci DEFAULT NULL,
  `created_at` timestamp NULL DEFAULT NULL,
  `updated_at` timestamp NULL DEFAULT NULL
) ENGINE=InnoDB DEFAULT CHARSET=utf8mb4 COLLATE=utf8mb4_unicode_ci;

--
-- Dumping data untuk tabel `users`
--

INSERT INTO `users` (`id`, `username`, `name`, `nama_belakang`, `gelar_depan`, `gelar_belakang`, `tempat_lahir_provinsi`, `tempat_lahir_kota`, `tanggal_lahir`, `alamat`, `provinsi`, `kota`, `kode_pos`, `handphone`, `telephone`, `agama`, `email`, `photo`, `nik`, `department`, `jabatan`, `tanggal_kerja`, `gender`, `status`, `password`, `hak_akses`, `remember_token`, `created_at`, `updated_at`) VALUES
(50, '', 'Fajar Pratama Putra', '', '', '', '', '', '0000-00-00', '', '', '', '', '', '', '', 'admin@gmail.com', 'add_files.png', 'kosong', 'kosong', 'kosong', '2018-01-25', 'Laki-Laki', 'Kontrak', '$2y$10$NfyMSH0ShAG18c9WJleX3uhnAiP79CVvwFQbEfb./3mKmKXtOYAfi', 'Admin', NULL, '2018-01-25 00:28:48', '2018-01-25 00:28:48'),
(51, '', 'tomcat', '', '', '', '', '', '0000-00-00', '', '', '', '', '', '', '', 'tomcat@gmail.com', 'remove4.png', '6096906790', 'Pograming', 'Programer Junior', '2018-01-26', 'Laki-Laki', 'Kontrak', '$2y$10$y/4U6O.7pFkN3Ps8sZxFn.O2ZZsY1mO6lfTQanxsijSmNyTomvoti', 'Admin', '6gcLHZAQx80V9zR5kOlkrqbA5W6MJ4chSpxfcQDELcZEuheyhP5ficparqKL', '2018-01-25 21:25:21', '2018-01-25 21:25:21'),
(52, '', 'afwan', '', '', '', '', '', '0000-00-00', '', '', '', '', '', '', '', 'afwan@gmail.com', 'android.png', '9865678587', 'Teknisi', 'Junior', '2018-01-17', 'Laki-Laki', 'Tetap', '$2y$10$gWUK.NsHd74KFN7yraGkEOA5VNTZHVC2Qd1X4iu8vGZP//pD2m22C', 'Normal', NULL, '2018-01-26 18:43:31', '2018-01-26 18:43:31'),
(53, '', 'Aryaduta', '', '', '', '', '', '0000-00-00', '', '', '', '', '', '', '', 'arya@gmail.com', 'angry.png', '876076', 'Pograming', 'Programer Junior', '2018-01-19', 'Laki-Laki', 'Kontrak', '$2y$10$gMP5bYlUuFOb4CyP1bf0SOpEPfWgPrQ3tUuHHIzMmcibUmaIraxuC', 'Normal', 'ddzvz48e4iMjbsrfGjOnl47L2HS73MSlw0U0pFpETH9phEfw1pfOcjw6U8N3', '2018-01-29 00:49:44', '2018-01-29 00:49:44'),
(54, 'ali', 'ali', 'saja', '0', '0', '0', '0', '2018-03-15', 'st. toddopuli raya', 'south sulawesi', 'Makassar', '90234', '0891001236637', '0', '0', 'ali@gmail.com', '0', '088007087', '0', '0', '2018-03-16', 'Laki-Laki', 'kontrak', 'aliali', 'Admin', NULL, NULL, NULL),
(55, 'edi', 'edi', 'edi', ' ', ' ', ' ', ' ', '2018-03-12', 'st. toddopuli raya', 'south sulawesi', 'Makassar', '90234', '0891001236637', ' ', ' ', 'edi', ' ', '87660606', ' ', ' ', '2018-03-16', 'Laki-Laki', ' kontrak', 'ediedi', 'Admin', NULL, NULL, NULL),
(56, 'ciacia', 'CIA', 'Nursiah', ' ', ' ', ' ', ' ', '1995-08-07', 'st. toddopuli raya', 'south sulawesi', 'Makassar', '90234', '0891001236637', ' ', ' ', 'ciacia@gmail.com', ' ', '956987598', ' ', ' ', '2018-03-16', 'Perempuan', 'Kontrak', 'ciacia', 'Admin', NULL, NULL, NULL);

-- --------------------------------------------------------

--
-- Struktur dari tabel `user_group`
--

CREATE TABLE `user_group` (
  `ug_id` int(11) NOT NULL,
  `ug_usergroup` varchar(50) NOT NULL,
  `ug_label` varchar(50) NOT NULL,
  `ug_date` datetime NOT NULL
) ENGINE=InnoDB DEFAULT CHARSET=latin1;

--
-- Dumping data untuk tabel `user_group`
--

INSERT INTO `user_group` (`ug_id`, `ug_usergroup`, `ug_label`, `ug_date`) VALUES
(1, 'Admin', 'Super Admin', '2018-02-21 00:00:00'),
(2, 'Staff', 'Staff Admin', '2018-02-23 00:00:00');

--
-- Indexes for dumped tables
--

--
-- Indexes for table `agama`
--
ALTER TABLE `agama`
  ADD PRIMARY KEY (`agama_id`);

--
-- Indexes for table `berita`
--
ALTER TABLE `berita`
  ADD PRIMARY KEY (`be_id`);

--
-- Indexes for table `calon_pegawai`
--
ALTER TABLE `calon_pegawai`
  ADD PRIMARY KEY (`cp_id`);

--
-- Indexes for table `data_absen`
--
ALTER TABLE `data_absen`
  ADD PRIMARY KEY (`data_id`);

--
-- Indexes for table `data_mesinabsen`
--
ALTER TABLE `data_mesinabsen`
  ADD PRIMARY KEY (`id`);

--
-- Indexes for table `department`
--
ALTER TABLE `department`
  ADD PRIMARY KEY (`dept_id`);

--
-- Indexes for table `diklat`
--
ALTER TABLE `diklat`
  ADD PRIMARY KEY (`diklat_id`);

--
-- Indexes for table `family`
--
ALTER TABLE `family`
  ADD PRIMARY KEY (`fam_id`);

--
-- Indexes for table `hak_akses`
--
ALTER TABLE `hak_akses`
  ADD PRIMARY KEY (`hak_id`);

--
-- Indexes for table `hari_kerja`
--
ALTER TABLE `hari_kerja`
  ADD PRIMARY KEY (`hari_id`);

--
-- Indexes for table `izin`
--
ALTER TABLE `izin`
  ADD PRIMARY KEY (`izin_id`);

--
-- Indexes for table `jabatan`
--
ALTER TABLE `jabatan`
  ADD PRIMARY KEY (`jab_id`);

--
-- Indexes for table `jam_kerja`
--
ALTER TABLE `jam_kerja`
  ADD PRIMARY KEY (`jam_id`);

--
-- Indexes for table `jenis_izin`
--
ALTER TABLE `jenis_izin`
  ADD PRIMARY KEY (`ji_id`);

--
-- Indexes for table `jenis_jabatan`
--
ALTER TABLE `jenis_jabatan`
  ADD PRIMARY KEY (`jab_id`);

--
-- Indexes for table `jenis_pendidikan`
--
ALTER TABLE `jenis_pendidikan`
  ADD PRIMARY KEY (`jpen_id`);

--
-- Indexes for table `kal_libur`
--
ALTER TABLE `kal_libur`
  ADD PRIMARY KEY (`kl_id`);

--
-- Indexes for table `keluarga`
--
ALTER TABLE `keluarga`
  ADD PRIMARY KEY (`kel_id`);

--
-- Indexes for table `kenaikan_pangkat`
--
ALTER TABLE `kenaikan_pangkat`
  ADD PRIMARY KEY (`kp_id`);

--
-- Indexes for table `lembur`
--
ALTER TABLE `lembur`
  ADD PRIMARY KEY (`lem_id`);

--
-- Indexes for table `menu`
--
ALTER TABLE `menu`
  ADD PRIMARY KEY (`m_id`);

--
-- Indexes for table `migrations`
--
ALTER TABLE `migrations`
  ADD PRIMARY KEY (`id`);

--
-- Indexes for table `modlink`
--
ALTER TABLE `modlink`
  ADD PRIMARY KEY (`mol_id`);

--
-- Indexes for table `modul`
--
ALTER TABLE `modul`
  ADD PRIMARY KEY (`mod_id`);

--
-- Indexes for table `pelatihan`
--
ALTER TABLE `pelatihan`
  ADD PRIMARY KEY (`pelatihan_id`);

--
-- Indexes for table `pendidikans`
--
ALTER TABLE `pendidikans`
  ADD PRIMARY KEY (`rpen_id`);

--
-- Indexes for table `pengalaman`
--
ALTER TABLE `pengalaman`
  ADD PRIMARY KEY (`pengalaman_id`);

--
-- Indexes for table `pengaturan`
--
ALTER TABLE `pengaturan`
  ADD PRIMARY KEY (`id`);

--
-- Indexes for table `pengunduran_diri`
--
ALTER TABLE `pengunduran_diri`
  ADD PRIMARY KEY (`pd_id`);

--
-- Indexes for table `pensiun`
--
ALTER TABLE `pensiun`
  ADD PRIMARY KEY (`pensiun_id`);

--
-- Indexes for table `posisi`
--
ALTER TABLE `posisi`
  ADD PRIMARY KEY (`pos_id`);

--
-- Indexes for table `reward`
--
ALTER TABLE `reward`
  ADD PRIMARY KEY (`rew_id`);

--
-- Indexes for table `skills`
--
ALTER TABLE `skills`
  ADD PRIMARY KEY (`skill_id`);

--
-- Indexes for table `status`
--
ALTER TABLE `status`
  ADD PRIMARY KEY (`status_id`);

--
-- Indexes for table `submenu`
--
ALTER TABLE `submenu`
  ADD PRIMARY KEY (`sub_id`);

--
-- Indexes for table `submenu1`
--
ALTER TABLE `submenu1`
  ADD PRIMARY KEY (`sub1_id`);

--
-- Indexes for table `users`
--
ALTER TABLE `users`
  ADD PRIMARY KEY (`id`);

--
-- Indexes for table `user_group`
--
ALTER TABLE `user_group`
  ADD PRIMARY KEY (`ug_id`);

--
-- AUTO_INCREMENT for dumped tables
--

--
-- AUTO_INCREMENT for table `agama`
--
ALTER TABLE `agama`
  MODIFY `agama_id` int(11) NOT NULL AUTO_INCREMENT, AUTO_INCREMENT=8;

--
-- AUTO_INCREMENT for table `berita`
--
ALTER TABLE `berita`
  MODIFY `be_id` int(11) NOT NULL AUTO_INCREMENT, AUTO_INCREMENT=10;

--
-- AUTO_INCREMENT for table `calon_pegawai`
--
ALTER TABLE `calon_pegawai`
  MODIFY `cp_id` int(11) NOT NULL AUTO_INCREMENT, AUTO_INCREMENT=11;

--
-- AUTO_INCREMENT for table `data_absen`
--
ALTER TABLE `data_absen`
  MODIFY `data_id` int(11) NOT NULL AUTO_INCREMENT, AUTO_INCREMENT=8;

--
-- AUTO_INCREMENT for table `data_mesinabsen`
--
ALTER TABLE `data_mesinabsen`
  MODIFY `id` int(11) NOT NULL AUTO_INCREMENT, AUTO_INCREMENT=656;

--
-- AUTO_INCREMENT for table `department`
--
ALTER TABLE `department`
  MODIFY `dept_id` int(11) NOT NULL AUTO_INCREMENT, AUTO_INCREMENT=9;

--
-- AUTO_INCREMENT for table `diklat`
--
ALTER TABLE `diklat`
  MODIFY `diklat_id` int(11) NOT NULL AUTO_INCREMENT, AUTO_INCREMENT=4;

--
-- AUTO_INCREMENT for table `family`
--
ALTER TABLE `family`
  MODIFY `fam_id` int(11) NOT NULL AUTO_INCREMENT, AUTO_INCREMENT=3;

--
-- AUTO_INCREMENT for table `hak_akses`
--
ALTER TABLE `hak_akses`
  MODIFY `hak_id` int(11) NOT NULL AUTO_INCREMENT, AUTO_INCREMENT=169;

--
-- AUTO_INCREMENT for table `hari_kerja`
--
ALTER TABLE `hari_kerja`
  MODIFY `hari_id` int(11) NOT NULL AUTO_INCREMENT, AUTO_INCREMENT=71;

--
-- AUTO_INCREMENT for table `izin`
--
ALTER TABLE `izin`
  MODIFY `izin_id` int(11) NOT NULL AUTO_INCREMENT, AUTO_INCREMENT=9;

--
-- AUTO_INCREMENT for table `jabatan`
--
ALTER TABLE `jabatan`
  MODIFY `jab_id` int(11) NOT NULL AUTO_INCREMENT, AUTO_INCREMENT=6;

--
-- AUTO_INCREMENT for table `jam_kerja`
--
ALTER TABLE `jam_kerja`
  MODIFY `jam_id` int(11) NOT NULL AUTO_INCREMENT, AUTO_INCREMENT=51;

--
-- AUTO_INCREMENT for table `jenis_izin`
--
ALTER TABLE `jenis_izin`
  MODIFY `ji_id` int(11) NOT NULL AUTO_INCREMENT, AUTO_INCREMENT=11;

--
-- AUTO_INCREMENT for table `jenis_jabatan`
--
ALTER TABLE `jenis_jabatan`
  MODIFY `jab_id` int(11) NOT NULL AUTO_INCREMENT, AUTO_INCREMENT=3;

--
-- AUTO_INCREMENT for table `jenis_pendidikan`
--
ALTER TABLE `jenis_pendidikan`
  MODIFY `jpen_id` int(11) NOT NULL AUTO_INCREMENT, AUTO_INCREMENT=13;

--
-- AUTO_INCREMENT for table `kal_libur`
--
ALTER TABLE `kal_libur`
  MODIFY `kl_id` int(11) NOT NULL AUTO_INCREMENT, AUTO_INCREMENT=3;

--
-- AUTO_INCREMENT for table `keluarga`
--
ALTER TABLE `keluarga`
  MODIFY `kel_id` int(11) NOT NULL AUTO_INCREMENT, AUTO_INCREMENT=6;

--
-- AUTO_INCREMENT for table `kenaikan_pangkat`
--
ALTER TABLE `kenaikan_pangkat`
  MODIFY `kp_id` int(11) NOT NULL AUTO_INCREMENT, AUTO_INCREMENT=3;

--
-- AUTO_INCREMENT for table `lembur`
--
ALTER TABLE `lembur`
  MODIFY `lem_id` int(11) NOT NULL AUTO_INCREMENT, AUTO_INCREMENT=9;

--
-- AUTO_INCREMENT for table `menu`
--
ALTER TABLE `menu`
  MODIFY `m_id` int(11) NOT NULL AUTO_INCREMENT, AUTO_INCREMENT=20;

--
-- AUTO_INCREMENT for table `migrations`
--
ALTER TABLE `migrations`
  MODIFY `id` int(10) UNSIGNED NOT NULL AUTO_INCREMENT, AUTO_INCREMENT=3;

--
-- AUTO_INCREMENT for table `modlink`
--
ALTER TABLE `modlink`
  MODIFY `mol_id` int(11) NOT NULL AUTO_INCREMENT, AUTO_INCREMENT=27;

--
-- AUTO_INCREMENT for table `modul`
--
ALTER TABLE `modul`
  MODIFY `mod_id` int(11) NOT NULL AUTO_INCREMENT, AUTO_INCREMENT=40;

--
-- AUTO_INCREMENT for table `pelatihan`
--
ALTER TABLE `pelatihan`
  MODIFY `pelatihan_id` int(11) NOT NULL AUTO_INCREMENT, AUTO_INCREMENT=10;

--
-- AUTO_INCREMENT for table `pendidikans`
--
ALTER TABLE `pendidikans`
  MODIFY `rpen_id` int(11) NOT NULL AUTO_INCREMENT, AUTO_INCREMENT=12;

--
-- AUTO_INCREMENT for table `pengalaman`
--
ALTER TABLE `pengalaman`
  MODIFY `pengalaman_id` int(11) NOT NULL AUTO_INCREMENT, AUTO_INCREMENT=12;

--
-- AUTO_INCREMENT for table `pengaturan`
--
ALTER TABLE `pengaturan`
  MODIFY `id` int(10) NOT NULL AUTO_INCREMENT, AUTO_INCREMENT=2;

--
-- AUTO_INCREMENT for table `pengunduran_diri`
--
ALTER TABLE `pengunduran_diri`
  MODIFY `pd_id` int(11) NOT NULL AUTO_INCREMENT, AUTO_INCREMENT=3;

--
-- AUTO_INCREMENT for table `pensiun`
--
ALTER TABLE `pensiun`
  MODIFY `pensiun_id` int(11) NOT NULL AUTO_INCREMENT, AUTO_INCREMENT=3;

--
-- AUTO_INCREMENT for table `posisi`
--
ALTER TABLE `posisi`
  MODIFY `pos_id` int(11) NOT NULL AUTO_INCREMENT, AUTO_INCREMENT=13;

--
-- AUTO_INCREMENT for table `reward`
--
ALTER TABLE `reward`
  MODIFY `rew_id` int(11) NOT NULL AUTO_INCREMENT, AUTO_INCREMENT=4;

--
-- AUTO_INCREMENT for table `skills`
--
ALTER TABLE `skills`
  MODIFY `skill_id` int(11) NOT NULL AUTO_INCREMENT, AUTO_INCREMENT=19;

--
-- AUTO_INCREMENT for table `status`
--
ALTER TABLE `status`
  MODIFY `status_id` int(11) NOT NULL AUTO_INCREMENT;

--
-- AUTO_INCREMENT for table `submenu`
--
ALTER TABLE `submenu`
  MODIFY `sub_id` int(11) NOT NULL AUTO_INCREMENT, AUTO_INCREMENT=102;

--
-- AUTO_INCREMENT for table `submenu1`
--
ALTER TABLE `submenu1`
  MODIFY `sub1_id` int(11) NOT NULL AUTO_INCREMENT, AUTO_INCREMENT=226;

--
-- AUTO_INCREMENT for table `users`
--
ALTER TABLE `users`
  MODIFY `id` int(10) UNSIGNED NOT NULL AUTO_INCREMENT, AUTO_INCREMENT=57;

--
-- AUTO_INCREMENT for table `user_group`
--
ALTER TABLE `user_group`
  MODIFY `ug_id` int(11) NOT NULL AUTO_INCREMENT, AUTO_INCREMENT=5;
COMMIT;

/*!40101 SET CHARACTER_SET_CLIENT=@OLD_CHARACTER_SET_CLIENT */;
/*!40101 SET CHARACTER_SET_RESULTS=@OLD_CHARACTER_SET_RESULTS */;
/*!40101 SET COLLATION_CONNECTION=@OLD_COLLATION_CONNECTION */;
